{"reward": 120.0, "parameters/layers.0.weight": {"_type": "histogram", "values": [1.0, 0.0, 0.0, 1.0, 0.0, 0.0, 2.0, 1.0, 1.0, 3.0, 2.0, 1.0, 2.0, 5.0, 2.0, 3.0, 2.0, 13.0, 7.0, 7.0, 2.0, 2.0, 8.0, 7.0, 7.0, 21.0, 24.0, 39.0, 57.0, 57.0, 81.0, 75.0, 72.0, 66.0, 61.0, 63.0, 59.0, 64.0, 49.0, 28.0, 20.0, 18.0, 13.0, 9.0, 9.0, 5.0, 3.0, 3.0, 6.0, 7.0, 10.0, 5.0, 5.0, 4.0, 1.0, 1.0, 2.0, 1.0, 2.0, 1.0, 0.0, 3.0, 0.0, 1.0], "bins": [-2.5495963096618652, -2.469787836074829, -2.389979124069214, -2.3101706504821777, -2.2303621768951416, -2.1505537033081055, -2.0707449913024902, -1.990936517715454, -1.9111279249191284, -1.8313193321228027, -1.7515108585357666, -1.671702265739441, -1.5918936729431152, -1.512085199356079, -1.4322766065597534, -1.3524680137634277, -1.2726595401763916, -1.192850947380066, -1.1130424737930298, -1.033233880996704, -0.9534253478050232, -0.8736168146133423, -0.7938082218170166, -0.7139996886253357, -0.6341911554336548, -0.5543826222419739, -0.4745740592479706, -0.3947654962539673, -0.3149569630622864, -0.23514842987060547, -0.15533986687660217, -0.07553130388259888, 0.004277229309082031, 0.08408577740192413, 0.16389432549476624, 0.24370287358760834, 0.32351142168045044, 0.40331995487213135, 0.48312851786613464, 0.5629370808601379, 0.6427456140518188, 0.7225541472434998, 0.8023626804351807, 0.8821712732315063, 0.9619798064231873, 1.0417883396148682, 1.1215969324111938, 1.2014055252075195, 1.2812139987945557, 1.3610225915908813, 1.4408310651779175, 1.5206396579742432, 1.6004481315612793, 1.680256724357605, 1.7600653171539307, 1.8398737907409668, 1.9196823835372925, 1.9994909763336182, 2.0792994499206543, 2.1591079235076904, 2.2389166355133057, 2.318725109100342, 2.398533582687378, 2.478342294692993, 2.5581507682800293]}, "parameters/layers.0.bias": {"_type": "histogram", "values": [4.0, 2.0, 1.0, 3.0, 5.0, 2.0, 1.0, 2.0, 2.0, 2.0, 2.0, 3.0, 0.0, 1.0, 1.0, 2.0, 4.0, 1.0, 1.0, 3.0, 3.0, 6.0, 3.0, 3.0, 3.0, 2.0, 3.0, 2.0, 1.0, 1.0, 4.0, 2.0, 2.0, 2.0, 2.0, 0.0, 3.0, 2.0, 2.0, 3.0, 3.0, 0.0, 4.0, 6.0, 8.0, 8.0, 12.0, 13.0, 12.0, 12.0, 9.0, 8.0, 6.0, 11.0, 9.0, 7.0, 6.0, 6.0, 7.0, 5.0, 7.0, 4.0, 1.0, 1.0], "bins": [-0.542506992816925, -0.5139645338058472, -0.4854221045970917, -0.4568796753883362, -0.4283372163772583, -0.3997947871685028, -0.3712523579597473, -0.34270989894866943, -0.31416746973991394, -0.28562504053115845, -0.25708258152008057, -0.22854015231132507, -0.1999977082014084, -0.1714552640914917, -0.1429128348827362, -0.11437039077281952, -0.08582794666290283, -0.057285506278276443, -0.028743065893650055, -0.00020062923431396484, 0.028341814875602722, 0.05688425898551941, 0.0854266881942749, 0.11396913230419159, 0.1425115466117859, 0.17105399072170258, 0.19959643483161926, 0.22813886404037476, 0.25668132305145264, 0.28522375226020813, 0.3137661814689636, 0.3423086404800415, 0.37085115909576416, 0.39939358830451965, 0.42793604731559753, 0.456478476524353, 0.4850209355354309, 0.5135633945465088, 0.5421057939529419, 0.5706482529640198, 0.5991907119750977, 0.6277331709861755, 0.6562755703926086, 0.6848180294036865, 0.7133604884147644, 0.7419029474258423, 0.7704453468322754, 0.7989878058433533, 0.8275302052497864, 0.8560726642608643, 0.8846150636672974, 0.9131575226783752, 0.9416999816894531, 0.9702423810958862, 0.9987848401069641, 1.027327299118042, 1.055869698524475, 1.0844120979309082, 1.1129546165466309, 1.141497015953064, 1.170039415359497, 1.1985819339752197, 1.2271243333816528, 1.255666732788086, 1.2842092514038086]}, "parameters/layers.2.weight": {"_type": "histogram", "values": [1.0, 0.0, 0.0, 0.0, 0.0, 0.0, 1.0, 1.0, 0.0, 0.0, 0.0, 0.0, 0.0, 0.0, 0.0, 2.0, 3.0, 4.0, 2.0, 3.0, 2.0, 4.0, 4.0, 6.0, 5.0, 4.0, 8.0, 6.0, 10.0, 6.0, 2.0, 12.0, 7.0, 4.0, 5.0, 6.0, 2.0, 3.0, 2.0, 1.0, 1.0, 0.0, 3.0, 9.0, 19.0, 14.0, 4.0, 10.0, 10.0, 21.0, 27.0, 24.0, 24.0, 25.0, 34.0, 44.0, 43.0, 28.0, 27.0, 12.0, 5.0, 5.0, 2.0, 5.0], "bins": [-2.113611936569214, -2.065944194793701, -2.0182762145996094, -1.9706084728240967, -1.9229406118392944, -1.8752727508544922, -1.82760488986969, -1.7799370288848877, -1.7322691679000854, -1.6846013069152832, -1.636933445930481, -1.5892655849456787, -1.541597843170166, -1.4939299821853638, -1.4462621212005615, -1.3985942602157593, -1.350926399230957, -1.3032585382461548, -1.2555906772613525, -1.2079229354858398, -1.1602550745010376, -1.1125872135162354, -1.064919352531433, -1.0172514915466309, -0.9695837497711182, -0.9219158887863159, -0.8742480874061584, -0.8265802264213562, -0.778912365436554, -0.7312445640563965, -0.6835767030715942, -0.635908842086792, -0.588240921497345, -0.5405730605125427, -0.49290522933006287, -0.445237398147583, -0.39756953716278076, -0.3499017059803009, -0.30223387479782104, -0.2545660138130188, -0.20689815282821655, -0.1592303067445755, -0.11156246811151505, -0.06389462947845459, -0.016226783394813538, 0.031441062688827515, 0.07910889387130737, 0.12677675485610962, 0.1744445562362671, 0.22211240231990814, 0.2697802484035492, 0.31744807958602905, 0.3651159405708313, 0.41278377175331116, 0.460451602935791, 0.5081194639205933, 0.5557873249053955, 0.6034551858901978, 0.6511229872703552, 0.6987908482551575, 0.7464587092399597, 0.7941265106201172, 0.8417943716049194, 0.8894622325897217, 0.9371300339698792]}, "parameters/layers.2.bias": {"_type": "histogram", "values": [1.0, 0.0, 0.0, 0.0, 0.0, 0.0, 0.0, 0.0, 0.0, 0.0, 0.0, 0.0, 0.0, 0.0, 0.0, 0.0, 0.0, 0.0, 0.0, 0.0, 0.0, 0.0, 0.0, 0.0, 0.0, 0.0, 0.0, 0.0, 0.0, 0.0, 0.0, 0.0, 0.0, 0.0, 0.0, 0.0, 0.0, 0.0, 0.0, 0.0, 0.0, 0.0, 0.0, 0.0, 0.0, 0.0, 0.0, 0.0, 0.0, 0.0, 0.0, 0.0, 0.0, 0.0, 0.0, 0.0, 0.0, 0.0, 0.0, 0.0, 0.0, 0.0, 0.0, 1.0], "bins": [0.4389705955982208, 0.4395137131214142, 0.44005686044692993, 0.4405999779701233, 0.44114312529563904, 0.4416862428188324, 0.44222939014434814, 0.4427725076675415, 0.44331565499305725, 0.4438587725162506, 0.44440191984176636, 0.4449450373649597, 0.44548818469047546, 0.4460313022136688, 0.44657444953918457, 0.44711756706237793, 0.4476606845855713, 0.44820380210876465, 0.4487469494342804, 0.44929006695747375, 0.4498332142829895, 0.45037633180618286, 0.4509194791316986, 0.45146259665489197, 0.4520057439804077, 0.4525488615036011, 0.4530920088291168, 0.4536351263523102, 0.4541782736778259, 0.4547213912010193, 0.45526453852653503, 0.4558076560497284, 0.45635080337524414, 0.4568939208984375, 0.45743706822395325, 0.4579801857471466, 0.45852333307266235, 0.4590664505958557, 0.45960959792137146, 0.4601527154445648, 0.4606958329677582, 0.46123895049095154, 0.4617820978164673, 0.46232521533966064, 0.4628683626651764, 0.46341148018836975, 0.4639546275138855, 0.46449774503707886, 0.4650408923625946, 0.46558400988578796, 0.4661271572113037, 0.46667027473449707, 0.4672134220600128, 0.4677565395832062, 0.4682996869087219, 0.4688428044319153, 0.46938592195510864, 0.469929039478302, 0.47047218680381775, 0.4710153043270111, 0.47155845165252686, 0.4721015691757202, 0.47264471650123596, 0.4731878340244293, 0.47373098134994507]}, "_runtime": 20, "_timestamp": 1634766560, "_step": 225, "gradients/layers.2.bias": {"_type": "histogram", "values": [1.0, 0.0, 0.0, 0.0, 0.0, 0.0, 0.0, 0.0, 0.0, 0.0, 0.0, 0.0, 0.0, 0.0, 0.0, 0.0, 0.0, 0.0, 0.0, 0.0, 0.0, 0.0, 0.0, 0.0, 0.0, 0.0, 0.0, 0.0, 0.0, 0.0, 0.0, 0.0, 0.0, 0.0, 0.0, 0.0, 0.0, 0.0, 0.0, 0.0, 0.0, 0.0, 0.0, 0.0, 0.0, 0.0, 0.0, 0.0, 0.0, 0.0, 0.0, 0.0, 0.0, 0.0, 0.0, 0.0, 0.0, 0.0, 0.0, 0.0, 0.0, 0.0, 0.0, 1.0],