{"parameters/layers.0.weight": {"_type": "histogram", "values": [1.0, 1.0, 2.0, 2.0, 3.0, 2.0, 1.0, 1.0, 1.0, 2.0, 3.0, 6.0, 5.0, 6.0, 2.0, 8.0, 6.0, 4.0, 14.0, 25.0, 21.0, 42.0, 45.0, 55.0, 64.0, 57.0, 74.0, 61.0, 58.0, 62.0, 73.0, 64.0, 50.0, 43.0, 32.0, 19.0, 5.0, 6.0, 4.0, 2.0, 7.0, 6.0, 6.0, 5.0, 9.0, 6.0, 4.0, 4.0, 9.0, 1.0, 4.0, 3.0, 2.0, 3.0, 3.0, 4.0, 5.0, 1.0, 2.0, 3.0, 1.0, 1.0, 1.0, 2.0], "bins": [-1.952043890953064, -1.8834435939788818, -1.8148431777954102, -1.7462427616119385, -1.6776424646377563, -1.6090421676635742, -1.5404417514801025, -1.4718413352966309, -1.4032410383224487, -1.3346407413482666, -1.266040325164795, -1.1974399089813232, -1.1288396120071411, -1.060239315032959, -0.9916388988494873, -0.9230385422706604, -0.8544381856918335, -0.7858378291130066, -0.7172374725341797, -0.6486371159553528, -0.5800367593765259, -0.511436402797699, -0.44283604621887207, -0.37423568964004517, -0.30563533306121826, -0.23703497648239136, -0.16843461990356445, -0.09983426332473755, -0.031233906745910645, 0.03736644983291626, 0.10596680641174316, 0.17456716299057007, 0.24316740036010742, 0.3117677569389343, 0.38036811351776123, 0.44896847009658813, 0.517568826675415, 0.5861691832542419, 0.6547695398330688, 0.7233698964118958, 0.7919702529907227, 0.8605706095695496, 0.9291709661483765, 0.9977713227272034, 1.0663716793060303, 1.134972095489502, 1.203572392463684, 1.2721726894378662, 1.340773105621338, 1.4093735218048096, 1.4779738187789917, 1.5465741157531738, 1.6151745319366455, 1.6837749481201172, 1.7523752450942993, 1.8209755420684814, 1.8895759582519531, 1.9581763744354248, 2.0267767906188965, 2.095376968383789, 2.1639773845672607, 2.2325778007507324, 2.301177978515625, 2.3697783946990967, 2.4383788108825684]}, "parameters/layers.0.bias": {"_type": "histogram", "values": [2.0, 1.0, 0.0, 0.0, 1.0, 1.0, 3.0, 3.0, 1.0, 3.0, 4.0, 2.0, 8.0, 5.0, 5.0, 2.0, 2.0, 2.0, 2.0, 2.0, 2.0, 2.0, 4.0, 2.0, 2.0, 3.0, 2.0, 3.0, 1.0, 2.0, 1.0, 0.0, 0.0, 1.0, 0.0, 0.0, 0.0, 0.0, 0.0, 2.0, 2.0, 1.0, 1.0, 5.0, 9.0, 11.0, 7.0, 11.0, 10.0, 12.0, 10.0, 14.0, 11.0, 4.0, 4.0, 13.0, 11.0, 8.0, 14.0, 10.0, 4.0, 2.0, 4.0, 2.0], "bins": [-0.4999765157699585, -0.47321373224258423, -0.44645094871520996, -0.4196881651878357, -0.3929253816604614, -0.36616259813308716, -0.3393998146057129, -0.3126370310783386, -0.28587424755096436, -0.2591114640235901, -0.23234868049621582, -0.20558589696884155, -0.17882311344146729, -0.15206031501293182, -0.12529753148555756, -0.09853474795818329, -0.07177194952964783, -0.04500916600227356, -0.018246378749608994, 0.008516408503055573, 0.03527919203042984, 0.062041983008384705, 0.08880476653575897, 0.11556755006313324, 0.1423303484916687, 0.16909313201904297, 0.19585591554641724, 0.2226186990737915, 0.24938148260116577, 0.27614426612854004, 0.3029070496559143, 0.3296698331832886, 0.35643261671066284, 0.3831954002380371, 0.4099581837654114, 0.43672096729278564, 0.4634837508201599, 0.4902465343475342, 0.5170093178749084, 0.5437721014022827, 0.570534884929657, 0.5972976684570312, 0.6240604519844055, 0.6508232355117798, 0.677586019039154, 0.7043488025665283, 0.7311115860939026, 0.7578743696212769, 0.7846372127532959, 0.8113999962806702, 0.8381627798080444, 0.8649255633354187, 0.891688346862793, 0.9184511303901672, 0.9452139139175415, 0.9719766974449158, 0.99873948097229, 1.025502324104309, 1.0522650480270386, 1.0790278911590576, 1.105790615081787, 1.1325534582138062, 1.1593161821365356, 1.1860790252685547, 1.2128417491912842]}, "parameters/layers.2.weight": {"_type": "histogram", "values": [2.0, 2.0, 1.0, 1.0, 0.0, 0.0, 1.0, 1.0, 0.0, 2.0, 5.0, 3.0, 4.0, 5.0, 8.0, 3.0, 2.0, 11.0, 11.0, 6.0, 5.0, 11.0, 5.0, 10.0, 5.0, 2.0, 2.0, 4.0, 0.0, 2.0, 2.0, 4.0, 4.0, 1.0, 6.0, 7.0, 11.0, 9.0, 15.0, 26.0, 29.0, 28.0, 30.0, 36.0, 40.0, 37.0, 34.0, 34.0, 19.0, 9.0, 6.0, 3.0, 4.0, 0.0, 0.0, 0.0, 0.0, 1.0, 1.0, 0.0, 0.0, 1.0, 0.0, 1.0], "bins": [-1.7124967575073242, -1.663944959640503, -1.6153932809829712, -1.56684148311615, -1.5182898044586182, -1.4697380065917969, -1.4211862087249756, -1.3726344108581543, -1.3240827322006226, -1.2755309343338013, -1.2269792556762695, -1.1784274578094482, -1.129875659942627, -1.0813239812850952, -1.032772183418274, -0.9842204451560974, -0.9356687068939209, -0.8871169686317444, -0.8385652303695679, -0.7900134325027466, -0.7414616942405701, -0.6929099559783936, -0.6443581581115723, -0.5958064198493958, -0.5472546815872192, -0.4987029433250427, -0.4501511752605438, -0.4015994071960449, -0.3530476689338684, -0.3044959306716919, -0.255944162607193, -0.2073923945426941, -0.15884053707122803, -0.11028878390789032, -0.06173703074455261, -0.013185277581214905, 0.0353664755821228, 0.08391822874546051, 0.13246998190879822, 0.18102174997329712, 0.22957348823547363, 0.27812522649765015, 0.32667699456214905, 0.37522876262664795, 0.42378050088882446, 0.472332239151001, 0.5208840370178223, 0.5694357752799988, 0.6179875135421753, 0.6665392518043518, 0.7150909900665283, 0.7636427879333496, 0.8121945261955261, 0.8607462644577026, 0.9092980623245239, 0.9578498005867004, 1.006401538848877, 1.0549533367156982, 1.10350501537323, 1.1520568132400513, 1.200608491897583, 1.2491602897644043, 1.2977120876312256, 1.3462638854980469, 1.3948155641555786]}, "parameters/layers.2.bias": {"_type": "histogram", "values": [1.0, 0.0, 0.0, 0.0, 0.0, 0.0, 0.0, 0.0, 0.0, 0.0, 0.0, 0.0, 0.0, 0.0, 0.0, 0.0, 0.0, 0.0, 0.0, 0.0, 0.0, 0.0, 0.0, 0.0, 0.0, 0.0, 0.0, 0.0, 0.0, 0.0, 0.0, 0.0, 0.0, 0.0, 0.0, 0.0, 0.0, 0.0, 0.0, 0.0, 0.0, 0.0, 0.0, 0.0, 0.0, 0.0, 0.0, 0.0, 0.0, 0.0, 0.0, 0.0, 0.0, 0.0, 0.0, 0.0, 0.0, 0.0, 0.0, 0.0, 0.0, 0.0, 0.0, 1.0], "bins": [0.3569473922252655, 0.3579864501953125, 0.3590255081653595, 0.3600645661354065, 0.3611036241054535, 0.3621426522731781, 0.3631817102432251, 0.3642207682132721, 0.3652598261833191, 0.3662988841533661, 0.3673379421234131, 0.3683770000934601, 0.3694160580635071, 0.3704550862312317, 0.3714941442012787, 0.3725332021713257, 0.3735722601413727, 0.3746113181114197, 0.3756503760814667, 0.37668943405151367, 0.37772849202156067, 0.3787675201892853, 0.3798065781593323, 0.3808456361293793, 0.38188469409942627, 0.38292375206947327, 0.38396281003952026, 0.38500186800956726, 0.38604092597961426, 0.38707995414733887, 0.38811901211738586, 0.38915807008743286, 0.39019715785980225, 0.39123621582984924, 0.39227527379989624, 0.39331433176994324, 0.39435338973999023, 0.39539241790771484, 0.39643147587776184, 0.39747053384780884, 0.39850959181785583, 0.39954864978790283, 0.40058770775794983, 0.4016267657279968, 0.4026658236980438, 0.40370485186576843, 0.40474390983581543, 0.4057829678058624, 0.4068220257759094, 0.4078610837459564, 0.4089001417160034, 0.4099391996860504, 0.4109782576560974, 0.412017285823822, 0.413056343793869, 0.414095401763916, 0.415134459733963, 0.41617351770401, 0.417212575674057, 0.418251633644104, 0.419290691614151, 0.4203297197818756, 0.4213687777519226, 0.4224078357219696, 0.4234468936920166]}, "gradients/layers.2.bias": {"_type": "histogram", "values": [1.0, 0.0, 0.0, 0.0, 0.0, 0.0, 0.0, 0.0, 0.0, 0.0, 0.0, 0.0, 0.0, 0.0, 0.0, 0.0, 0.0, 0.0, 0.0, 0.0, 0.0, 0.0, 0.0, 0.0, 0.0, 0.0, 0.0, 0.0, 0.0, 0.0, 0.0, 0.0, 0.0, 0.0, 0.0, 0.0, 0.0, 0.0, 0.0, 0.0, 0.0, 0.0, 0.0, 0.0, 0.0, 0.0, 0.0, 0.0, 0.0, 0.0, 0.0, 0.0, 0.0, 0.0, 0.0, 0.0, 0.0, 0.0, 0.0, 0.0, 0.0, 0.0, 0.0, 1.0],