{"reward": 146.0, "_runtime": 20, "_timestamp": 1634766417, "_step": 214, "parameters/layers.0.weight": {"_type": "histogram", "values": [2.0, 2.0, 1.0, 1.0, 3.0, 2.0, 3.0, 0.0, 4.0, 3.0, 2.0, 1.0, 6.0, 5.0, 9.0, 5.0, 3.0, 6.0, 7.0, 4.0, 3.0, 2.0, 6.0, 4.0, 10.0, 17.0, 24.0, 30.0, 44.0, 44.0, 59.0, 58.0, 55.0, 65.0, 68.0, 52.0, 66.0, 56.0, 46.0, 54.0, 34.0, 39.0, 17.0, 15.0, 18.0, 10.0, 9.0, 4.0, 7.0, 6.0, 4.0, 9.0, 2.0, 4.0, 3.0, 2.0, 0.0, 3.0, 1.0, 0.0, 0.0, 2.0, 2.0, 1.0], "bins": [-2.3308167457580566, -2.2629363536834717, -2.1950557231903076, -2.1271753311157227, -2.0592949390411377, -1.9914143085479736, -1.9235339164733887, -1.8556534051895142, -1.7877728939056396, -1.7198923826217651, -1.6520119905471802, -1.5841314792633057, -1.5162509679794312, -1.4483704566955566, -1.3804900646209717, -1.3126095533370972, -1.2447291612625122, -1.1768486499786377, -1.1089682579040527, -1.0410877466201782, -0.9732072353363037, -0.905326783657074, -0.8374463319778442, -0.7695658206939697, -0.7016854286193848, -0.633804976940155, -0.5659244656562805, -0.4980440139770508, -0.43016353249549866, -0.36228305101394653, -0.2944025993347168, -0.22652211785316467, -0.15864157676696777, -0.09076110273599625, -0.02288062870502472, 0.04499983787536621, 0.11288031935691833, 0.18076080083847046, 0.2486412525177002, 0.3165217339992523, 0.3844022750854492, 0.45228275656700134, 0.5201632380485535, 0.5880436897277832, 0.6559242010116577, 0.7238046526908875, 0.7916851043701172, 0.8595656156539917, 0.9274460077285767, 0.9953264594078064, 1.0632069110870361, 1.1310874223709106, 1.1989679336547852, 1.2668483257293701, 1.3347288370132446, 1.4026093482971191, 1.470489740371704, 1.5383702516555786, 1.6062506437301636, 1.674131155014038, 1.7420116662979126, 1.809892177581787, 1.877772569656372, 1.9456530809402466, 2.013533592224121]}, "parameters/layers.0.bias": {"_type": "histogram", "values": [4.0, 0.0, 2.0, 3.0, 2.0, 2.0, 2.0, 1.0, 0.0, 1.0, 2.0, 0.0, 1.0, 3.0, 7.0, 4.0, 13.0, 5.0, 5.0, 5.0, 4.0, 4.0, 5.0, 6.0, 1.0, 0.0, 5.0, 0.0, 0.0, 4.0, 0.0, 3.0, 1.0, 3.0, 3.0, 3.0, 3.0, 5.0, 3.0, 3.0, 6.0, 6.0, 9.0, 12.0, 6.0, 13.0, 6.0, 11.0, 9.0, 11.0, 10.0, 3.0, 1.0, 3.0, 8.0, 3.0, 6.0, 1.0, 8.0, 1.0, 2.0, 1.0, 1.0, 1.0], "bins": [-0.544322669506073, -0.5163190960884094, -0.48831552267074585, -0.4603119492530823, -0.4323083758354187, -0.4043048024177551, -0.37630125880241394, -0.34829768538475037, -0.3202941119670868, -0.2922905385494232, -0.26428696513175964, -0.23628340661525726, -0.2082798331975937, -0.18027625977993011, -0.15227270126342773, -0.12426912784576416, -0.09626555442810059, -0.06826198101043701, -0.040258415043354034, -0.012254849076271057, 0.015748724341392517, 0.04375229775905609, 0.07175585627555847, 0.09975942969322205, 0.12776297330856323, 0.1557665467262268, 0.18377012014389038, 0.21177367866039276, 0.23977725207805634, 0.2677808403968811, 0.2957843840122223, 0.32378795742988586, 0.3517916202545166, 0.3797951936721802, 0.40779876708984375, 0.4358023405075073, 0.4638059139251709, 0.4918094873428345, 0.519813060760498, 0.5478166341781616, 0.5758202075958252, 0.6038237810134888, 0.6318273544311523, 0.6598309278488159, 0.6878345012664795, 0.7158380746841431, 0.7438416481018066, 0.7718452215194702, 0.799848735332489, 0.8278523087501526, 0.8558558821678162, 0.8838594555854797, 0.9118630290031433, 0.9398666024208069, 0.9678701162338257, 0.9958736896514893, 1.0238772630691528, 1.0518808364868164, 1.07988440990448, 1.1078879833221436, 1.1358915567398071, 1.1638951301574707, 1.1918987035751343, 1.2199022769927979, 1.2479058504104614]}, "parameters/layers.2.weight": {"_type": "histogram", "values": [2.0, 0.0, 0.0, 0.0, 0.0, 0.0, 1.0, 2.0, 0.0, 3.0, 1.0, 3.0, 0.0, 3.0, 2.0, 1.0, 1.0, 1.0, 0.0, 1.0, 2.0, 2.0, 5.0, 4.0, 4.0, 4.0, 3.0, 4.0, 6.0, 6.0, 5.0, 8.0, 6.0, 4.0, 7.0, 6.0, 4.0, 7.0, 5.0, 1.0, 4.0, 2.0, 3.0, 9.0, 13.0, 13.0, 13.0, 6.0, 7.0, 10.0, 11.0, 11.0, 15.0, 23.0, 18.0, 34.0, 47.0, 41.0, 51.0, 30.0, 19.0, 9.0, 6.0, 3.0], "bins": [-1.7645879983901978, -1.7256386280059814, -1.6866891384124756, -1.6477396488189697, -1.6087902784347534, -1.569840908050537, -1.5308914184570312, -1.4919419288635254, -1.452992558479309, -1.4140431880950928, -1.375093698501587, -1.336144208908081, -1.2971948385238647, -1.2582454681396484, -1.2192959785461426, -1.1803464889526367, -1.1413971185684204, -1.102447748184204, -1.0634982585906982, -1.0245487689971924, -0.9855993986129761, -0.946649968624115, -0.9077005386352539, -0.8687511086463928, -0.8298016786575317, -0.7908522486686707, -0.7519028186798096, -0.7129533886909485, -0.6740039587020874, -0.6350545287132263, -0.5961050987243652, -0.5571556687355042, -0.5182063579559326, -0.47925692796707153, -0.44030749797821045, -0.40135806798934937, -0.3624086380004883, -0.3234592080116272, -0.2845097780227661, -0.24556034803390503, -0.20661091804504395, -0.16766148805618286, -0.12871205806732178, -0.0897626280784607, -0.05081319808959961, -0.011863768100738525, 0.02708566188812256, 0.06603509187698364, 0.10498452186584473, 0.1439339518547058, 0.1828833818435669, 0.22183281183242798, 0.26078224182128906, 0.29973167181015015, 0.33868110179901123, 0.3776305317878723, 0.4165799617767334, 0.4555293917655945, 0.49447882175445557, 0.5334282517433167, 0.5723776817321777, 0.6113271117210388, 0.6502765417098999, 0.689225971698761, 0.7281754016876221]}, "parameters/layers.2.bias": {"_type": "histogram", "values": [1.0, 0.0, 0.0, 0.0, 0.0, 0.0, 0.0, 0.0, 0.0, 0.0, 0.0, 0.0, 0.0, 0.0, 0.0, 0.0, 0.0, 0.0, 0.0, 0.0, 0.0, 0.0, 0.0, 0.0, 0.0, 0.0, 0.0, 0.0, 0.0, 0.0, 0.0, 0.0, 0.0, 0.0, 0.0, 0.0, 0.0, 0.0, 0.0, 0.0, 0.0, 0.0, 0.0, 0.0, 0.0, 0.0, 0.0, 0.0, 0.0, 0.0, 0.0, 0.0, 0.0, 0.0, 0.0, 0.0, 0.0, 0.0, 0.0, 0.0, 0.0, 0.0, 0.0, 1.0], "bins": [0.3936152458190918, 0.39425742626190186, 0.3948996067047119, 0.3955417573451996, 0.39618393778800964, 0.3968261182308197, 0.39746829867362976, 0.3981104791164398, 0.3987526297569275, 0.39939481019973755, 0.4000369906425476, 0.4006791412830353, 0.40132132172584534, 0.4019635021686554, 0.40260568261146545, 0.4032478630542755, 0.40389004349708557, 0.40453222393989563, 0.4051744043827057, 0.40581655502319336, 0.4064587354660034, 0.4071009159088135, 0.40774309635162354, 0.4083852767944336, 0.40902742743492126, 0.4096696078777313, 0.4103117883205414, 0.41095393896102905, 0.4115961194038391, 0.41223829984664917, 0.41288048028945923, 0.4135226607322693, 0.41416484117507935, 0.4148070216178894, 0.41544920206069946, 0.41609135270118713, 0.4167335331439972, 0.41737571358680725, 0.4180178940296173, 0.41866007447242737, 0.41930222511291504, 0.4199444055557251, 0.42058658599853516, 0.4212287366390228, 0.4218709170818329, 0.42251309752464294, 0.423155277967453, 0.42379745841026306, 0.42443960905075073, 0.4250817894935608, 0.42572396993637085, 0.4263661205768585, 0.4270083010196686, 0.42765048146247864, 0.4282926619052887, 0.42893484234809875, 0.4295770227909088, 0.43021920323371887, 0.43086138367652893, 0.4315035343170166, 0.43214571475982666, 0.4327878952026367, 0.4334300756454468, 0.43407225608825684, 0.4347144067287445]}, "gradients/layers.2.bias": {"_type": "histogram", "values": [1.0, 0.0, 0.0, 0.0, 0.0, 0.0, 0.0, 0.0, 0.0, 0.0, 0.0, 0.0, 0.0, 0.0, 0.0, 0.0, 0.0, 0.0, 0.0, 0.0, 0.0, 0.0, 0.0, 0.0, 0.0, 0.0, 0.0, 0.0, 0.0, 0.0, 0.0, 0.0, 0.0, 0.0, 0.0, 0.0, 0.0, 0.0, 0.0, 0.0, 0.0, 0.0, 0.0, 0.0, 0.0, 0.0, 0.0, 0.0, 0.0, 0.0, 0.0, 0.0, 0.0, 0.0, 0.0, 0.0, 0.0, 0.0, 0.0, 0.0, 0.0, 0.0, 0.0, 1.0],