{"reward": 200.0, "_runtime": 53, "_timestamp": 1635286037, "_step": 328, "parameters/layers.0.weight": {"_type": "histogram", "values": [2.0, 1.0, 1.0, 0.0, 3.0, 3.0, 3.0, 2.0, 1.0, 3.0, 0.0, 0.0, 0.0, 0.0, 3.0, 1.0, 2.0, 0.0, 4.0, 6.0, 9.0, 7.0, 7.0, 5.0, 7.0, 7.0, 22.0, 21.0, 21.0, 46.0, 74.0, 107.0, 100.0, 93.0, 107.0, 94.0, 72.0, 40.0, 35.0, 25.0, 6.0, 9.0, 15.0, 9.0, 8.0, 5.0, 4.0, 8.0, 1.0, 3.0, 1.0, 1.0, 2.0, 2.0, 1.0, 1.0, 4.0, 4.0, 1.0, 2.0, 2.0, 0.0, 0.0, 1.0], "bins": [-4.07963752746582, -3.9526455402374268, -3.8256537914276123, -3.6986618041992188, -3.5716700553894043, -3.4446780681610107, -3.317686080932617, -3.1906943321228027, -3.063702344894409, -2.9367103576660156, -2.809718608856201, -2.6827266216278076, -2.555734634399414, -2.4287428855895996, -2.301750898361206, -2.1747589111328125, -2.047767162322998, -1.920775294303894, -1.79378342628479, -1.6667914390563965, -1.5397995710372925, -1.4128077030181885, -1.285815715789795, -1.158823847770691, -1.031831979751587, -0.9048401117324829, -0.7778481841087341, -0.6508562564849854, -0.5238643884658813, -0.39687252044677734, -0.26988059282302856, -0.14288866519927979, -0.015897274017333984, 0.11109462380409241, 0.2380865216255188, 0.3650784194469452, 0.4920703172683716, 0.6190621852874756, 0.7460541129112244, 0.8730460405349731, 1.0000379085540771, 1.1270297765731812, 1.2540216445922852, 1.3810136318206787, 1.5080054998397827, 1.6349973678588867, 1.7619893550872803, 1.8889812231063843, 2.0159730911254883, 2.142965078353882, 2.2699568271636963, 2.39694881439209, 2.5239405632019043, 2.650932550430298, 2.7779245376586914, 2.904916286468506, 3.0319082736968994, 3.158900260925293, 3.2858920097351074, 3.412883996963501, 3.5398759841918945, 3.666867733001709, 3.7938597202301025, 3.920851707458496, 4.0478434562683105]}, "parameters/layers.0.bias": {"_type": "histogram", "values": [1.0, 0.0, 0.0, 0.0, 0.0, 1.0, 3.0, 0.0, 2.0, 4.0, 3.0, 3.0, 3.0, 2.0, 1.0, 3.0, 3.0, 1.0, 1.0, 1.0, 2.0, 1.0, 3.0, 5.0, 0.0, 3.0, 5.0, 1.0, 1.0, 4.0, 3.0, 5.0, 2.0, 2.0, 1.0, 1.0, 4.0, 4.0, 3.0, 3.0, 5.0, 4.0, 2.0, 9.0, 9.0, 7.0, 5.0, 3.0, 10.0, 7.0, 10.0, 7.0, 11.0, 9.0, 6.0, 7.0, 6.0, 13.0, 13.0, 12.0, 6.0, 6.0, 2.0, 2.0], "bins": [-0.875684916973114, -0.8400691747665405, -0.804453432559967, -0.7688376903533936, -0.7332218885421753, -0.6976062059402466, -0.6619904041290283, -0.6263746619224548, -0.5907589197158813, -0.5551431775093079, -0.5195274353027344, -0.4839116632938385, -0.448295921087265, -0.41268017888069153, -0.37706440687179565, -0.34144866466522217, -0.3058329224586487, -0.2702171802520752, -0.23460142314434052, -0.19898566603660583, -0.16336992383003235, -0.12775418162345886, -0.09213842451572418, -0.0565226674079895, -0.020906925201416016, 0.014708824455738068, 0.05032457411289215, 0.08594032377004623, 0.12155607342720032, 0.1571718156337738, 0.19278757274150848, 0.22840332984924316, 0.2640191316604614, 0.2996348738670349, 0.3352506160736084, 0.3708663880825043, 0.40648213028907776, 0.44209787249565125, 0.4777136445045471, 0.5133293867111206, 0.5489451289176941, 0.5845608711242676, 0.6201766133308411, 0.6557923555374146, 0.6914081573486328, 0.7270238399505615, 0.7626396417617798, 0.7982553839683533, 0.8338711261749268, 0.8694868683815002, 0.9051026105880737, 0.9407183527946472, 0.9763340950012207, 1.011949896812439, 1.0475655794143677, 1.083181381225586, 1.1187970638275146, 1.154412865638733, 1.1900285482406616, 1.2256443500518799, 1.2612600326538086, 1.2968758344650269, 1.3324915170669556, 1.3681073188781738, 1.403723120689392]}, "parameters/layers.2.weight": {"_type": "histogram", "values": [2.0, 2.0, 2.0, 1.0, 4.0, 5.0, 4.0, 5.0, 4.0, 5.0, 4.0, 2.0, 5.0, 4.0, 7.0, 5.0, 6.0, 10.0, 6.0, 10.0, 5.0, 1.0, 3.0, 2.0, 3.0, 2.0, 2.0, 2.0, 3.0, 0.0, 2.0, 1.0, 2.0, 2.0, 0.0, 0.0, 2.0, 0.0, 3.0, 9.0, 10.0, 0.0, 1.0, 2.0, 4.0, 16.0, 24.0, 38.0, 44.0, 71.0, 64.0, 40.0, 21.0, 23.0, 6.0, 6.0, 1.0, 2.0, 1.0, 0.0, 0.0, 0.0, 0.0, 1.0], "bins": [-2.1919987201690674, -2.136904001235962, -2.0818092823028564, -2.026714563369751, -1.971619725227356, -1.9165250062942505, -1.8614301681518555, -1.80633544921875, -1.7512407302856445, -1.696146011352539, -1.6410512924194336, -1.5859564542770386, -1.530861735343933, -1.4757670164108276, -1.4206721782684326, -1.3655774593353271, -1.3104827404022217, -1.2553880214691162, -1.2002933025360107, -1.1451984643936157, -1.0901037454605103, -1.0350090265274048, -0.9799142479896545, -0.9248194694519043, -0.8697247505187988, -0.8146300315856934, -0.7595352530479431, -0.7044404745101929, -0.6493457555770874, -0.5942510366439819, -0.5391562581062317, -0.48406150937080383, -0.4289668798446655, -0.37387213110923767, -0.3187773823738098, -0.26368263363838196, -0.2085878849029541, -0.15349313616752625, -0.09839838743209839, -0.04330363869667053, 0.011791110038757324, 0.06688585877418518, 0.12198060750961304, 0.1770753562450409, 0.23217010498046875, 0.2872648537158966, 0.34235960245132446, 0.3974543511867523, 0.4525490999221802, 0.5076438188552856, 0.5627385973930359, 0.6178333759307861, 0.6729280948638916, 0.7280228137969971, 0.7831175923347473, 0.8382123708724976, 0.893307089805603, 0.9484018087387085, 1.0034966468811035, 1.058591365814209, 1.1136860847473145, 1.16878080368042, 1.2238755226135254, 1.2789703607559204, 1.3340650796890259]}, "parameters/layers.2.bias": {"_type": "histogram", "values": [1.0, 0.0, 0.0, 0.0, 0.0, 0.0, 0.0, 0.0, 0.0, 0.0, 0.0, 0.0, 0.0, 0.0, 0.0, 0.0, 0.0, 0.0, 0.0, 0.0, 0.0, 0.0, 0.0, 0.0, 0.0, 0.0, 0.0, 0.0, 0.0, 0.0, 0.0, 0.0, 0.0, 0.0, 0.0, 0.0, 0.0, 0.0, 0.0, 0.0, 0.0, 0.0, 0.0, 0.0, 0.0, 0.0, 0.0, 0.0, 0.0, 0.0, 0.0, 0.0, 0.0, 0.0, 0.0, 0.0, 0.0, 0.0, 0.0, 0.0, 0.0, 0.0, 0.0, 1.0], "bins": [0.5048315525054932, 0.504957914352417, 0.5050843358039856, 0.5052106976509094, 0.5053370594978333, 0.5054634213447571, 0.5055898427963257, 0.5057162046432495, 0.5058425664901733, 0.5059689283370972, 0.5060953497886658, 0.5062217116355896, 0.5063480734825134, 0.5064744353294373, 0.5066008567810059, 0.5067272186279297, 0.5068535804748535, 0.5069799423217773, 0.507106363773346, 0.5072327256202698, 0.5073590874671936, 0.5074854493141174, 0.507611870765686, 0.5077382326126099, 0.5078645944595337, 0.5079909563064575, 0.5081173777580261, 0.50824373960495, 0.5083701014518738, 0.5084964632987976, 0.5086228847503662, 0.50874924659729, 0.5088756084442139, 0.5090019702911377, 0.5091283917427063, 0.5092547535896301, 0.509381115436554, 0.5095074772834778, 0.5096338987350464, 0.5097602605819702, 0.5098866820335388, 0.5100130438804626, 0.5101394653320312, 0.5102658271789551, 0.5103921890258789, 0.5105185508728027, 0.5106449723243713, 0.5107713341712952, 0.510897696018219, 0.5110240578651428, 0.5111504793167114, 0.5112768411636353, 0.5114032030105591, 0.5115295648574829, 0.5116559863090515, 0.5117823481559753, 0.5119087100028992, 0.512035071849823, 0.5121614933013916, 0.5122878551483154, 0.5124142169952393, 0.5125405788421631, 0.5126670002937317, 0.5127933621406555, 0.5129197239875793]}, "gradients/layers.2.bias": {"_type": "histogram", "values": [1.0, 0.0, 0.0, 0.0, 0.0, 0.0, 0.0, 0.0, 0.0, 0.0, 0.0, 0.0, 0.0, 0.0, 0.0, 0.0, 0.0, 0.0, 0.0, 0.0, 0.0, 0.0, 0.0, 0.0, 0.0, 0.0, 0.0, 0.0, 0.0, 0.0, 0.0, 0.0, 0.0, 0.0, 0.0, 0.0, 0.0, 0.0, 0.0, 0.0, 0.0, 0.0, 0.0, 0.0, 0.0, 0.0, 0.0, 0.0, 0.0, 0.0, 0.0, 0.0, 0.0, 0.0, 0.0, 0.0, 0.0, 0.0, 0.0, 0.0, 0.0, 0.0, 0.0, 1.0],