{"reward": 0.01, "_runtime": 24, "_timestamp": 1635287951, "_step": 369, "parameters/layers.0.weight": {"_type": "histogram", "values": [21.0, 26.0, 25.0, 23.0, 15.0, 25.0, 36.0, 21.0, 22.0, 21.0, 28.0, 23.0, 18.0, 34.0, 22.0, 18.0, 18.0, 27.0, 23.0, 16.0, 30.0, 13.0, 25.0, 17.0, 31.0, 31.0, 33.0, 16.0, 28.0, 27.0, 32.0, 24.0, 15.0, 26.0, 31.0, 23.0, 33.0, 25.0, 22.0, 35.0, 13.0, 28.0, 19.0, 19.0, 26.0, 23.0, 37.0, 35.0, 21.0, 28.0, 31.0, 17.0, 22.0, 34.0, 24.0, 24.0, 24.0, 19.0, 29.0, 21.0, 26.0, 22.0, 9.0, 6.0], "bins": [-0.40733760595321655, -0.39451664686203003, -0.3816956877708435, -0.368874728679657, -0.35605376958847046, -0.34323281049728394, -0.330411821603775, -0.3175908625125885, -0.304769903421402, -0.29194894433021545, -0.27912798523902893, -0.2663070261478424, -0.2534860372543335, -0.24066509306430817, -0.22784411907196045, -0.21502315998077393, -0.2022022008895874, -0.18938124179840088, -0.17656028270721436, -0.16373930871486664, -0.15091834962368011, -0.1380973905324936, -0.12527641654014587, -0.11245545744895935, -0.09963449835777283, -0.0868135392665863, -0.07399257272481918, -0.06117160990834236, -0.04835064709186554, -0.035529688000679016, -0.022708721458911896, -0.009887754917144775, 0.0029332339763641357, 0.015754196792840958, 0.02857515960931778, 0.0413961224257946, 0.05421708524227142, 0.06703804433345795, 0.07985901087522507, 0.09267997741699219, 0.10550093650817871, 0.11832189559936523, 0.13114285469055176, 0.14396382868289948, 0.156784787774086, 0.16960574686527252, 0.18242672085762024, 0.19524767994880676, 0.2080686390399933, 0.2208895981311798, 0.23371055722236633, 0.24653153121471405, 0.25935250520706177, 0.2721734642982483, 0.2849944233894348, 0.29781538248062134, 0.31063634157180786, 0.3234573006629944, 0.3362782597541809, 0.34909921884536743, 0.36192017793655396, 0.3747411370277405, 0.3875621259212494, 0.4003830850124359, 0.41320404410362244]}, "parameters/layers.0.bias": {"_type": "histogram", "values": [8.0, 4.0, 3.0, 4.0, 7.0, 5.0, 4.0, 7.0, 7.0, 5.0, 5.0, 3.0, 7.0, 3.0, 9.0, 2.0, 5.0, 3.0, 2.0, 1.0, 4.0, 3.0, 9.0, 4.0, 4.0, 1.0, 3.0, 5.0, 2.0, 2.0, 4.0, 2.0, 1.0, 4.0, 7.0, 8.0, 2.0, 9.0, 2.0, 2.0, 3.0, 2.0, 6.0, 6.0, 6.0, 2.0, 2.0, 3.0, 2.0, 1.0, 3.0, 2.0, 2.0, 4.0, 2.0, 2.0, 8.0, 5.0, 5.0, 2.0, 6.0, 3.0, 3.0, 4.0], "bins": [-0.40752437710762024, -0.3950923979282379, -0.3826604187488556, -0.3702284097671509, -0.35779643058776855, -0.34536445140838623, -0.3329324722290039, -0.3205004930496216, -0.30806851387023926, -0.29563653469085693, -0.2832045555114746, -0.2707725763320923, -0.2583405673503876, -0.24590858817100525, -0.23347660899162292, -0.2210446298122406, -0.2086126208305359, -0.19618064165115356, -0.18374864757061005, -0.17131666839122772, -0.1588846743106842, -0.14645269513130188, -0.13402071595191956, -0.12158872932195663, -0.10915674269199371, -0.09672475606203079, -0.08429276943206787, -0.07186079025268555, -0.059428803622722626, -0.046996816992759705, -0.03456483781337738, -0.02213285118341446, -0.009700894355773926, 0.002731090411543846, 0.015163075178861618, 0.02759505808353424, 0.04002704471349716, 0.05245903134346008, 0.06489101052284241, 0.07732299715280533, 0.08975498378276825, 0.10218697041273117, 0.11461895704269409, 0.12705093622207642, 0.13948291540145874, 0.15191490948200226, 0.16434688866138458, 0.1767788827419281, 0.18921086192131042, 0.20164284110069275, 0.21407483518123627, 0.2265068143606186, 0.2389388084411621, 0.25137078762054443, 0.26380276679992676, 0.2762347459793091, 0.2886667251586914, 0.30109870433807373, 0.31353068351745605, 0.3259626626968384, 0.3383946716785431, 0.3508266508579254, 0.36325863003730774, 0.37569060921669006, 0.3881226181983948]}, "parameters/layers.2.weight": {"_type": "histogram", "values": [4.0, 4.0, 2.0, 2.0, 6.0, 4.0, 6.0, 7.0, 5.0, 7.0, 6.0, 9.0, 8.0, 7.0, 9.0, 7.0, 5.0, 12.0, 5.0, 4.0, 1.0, 10.0, 13.0, 12.0, 8.0, 5.0, 5.0, 13.0, 14.0, 8.0, 22.0, 10.0, 12.0, 11.0, 16.0, 7.0, 12.0, 13.0, 8.0, 16.0, 9.0, 8.0, 10.0, 12.0, 11.0, 11.0, 9.0, 6.0, 6.0, 13.0, 9.0, 5.0, 9.0, 5.0, 9.0, 5.0, 7.0, 8.0, 11.0, 4.0, 4.0, 3.0, 2.0, 1.0], "bins": [-0.06211452931165695, -0.06014806404709816, -0.058181602507829666, -0.056215137243270874, -0.05424867570400238, -0.05228221043944359, -0.050315745174884796, -0.0483492836356163, -0.04638282209634781, -0.04441635683178902, -0.04244989529252052, -0.04048343002796173, -0.03851696848869324, -0.036550503224134445, -0.03458403795957565, -0.03261757642030716, -0.030651111155748367, -0.028684647753834724, -0.02671818435192108, -0.02475171908736229, -0.022785257548093796, -0.020818792283535004, -0.01885232888162136, -0.016885865479707718, -0.014919402077794075, -0.012952938675880432, -0.01098647527396679, -0.009020010940730572, -0.007053547538816929, -0.005087084136903286, -0.0031206198036670685, -0.0011541564017534256, 0.0008123070001602173, 0.002778770634904504, 0.00474523426964879, 0.0067116981372237206, 0.008678161539137363, 0.010644624941051006, 0.012611089274287224, 0.014577552676200867, 0.01654401607811451, 0.018510479480028152, 0.020476942881941795, 0.022443406283855438, 0.02440987154841423, 0.026376333087682724, 0.028342798352241516, 0.03030926175415516, 0.0322757251560688, 0.034242190420627594, 0.03620865195989609, 0.03817511722445488, 0.04014157876372337, 0.042108044028282166, 0.04407450556755066, 0.04604097083210945, 0.04800743609666824, 0.049973901361227036, 0.05194036290049553, 0.05390682816505432, 0.055873289704322815, 0.05783975496888161, 0.0598062202334404, 0.06177268177270889, 0.06373914331197739]}, "parameters/layers.2.bias": {"_type": "histogram", "values": [1.0, 0.0, 0.0, 0.0, 0.0, 0.0, 0.0, 0.0, 0.0, 0.0, 0.0, 0.0, 0.0, 0.0, 0.0, 0.0, 0.0, 0.0, 0.0, 0.0, 0.0, 0.0, 0.0, 0.0, 0.0, 0.0, 0.0, 0.0, 0.0, 0.0, 0.0, 0.0, 0.0, 0.0, 0.0, 0.0, 0.0, 0.0, 0.0, 0.0, 0.0, 0.0, 0.0, 0.0, 0.0, 0.0, 0.0, 0.0, 0.0, 0.0, 0.0, 0.0, 0.0, 0.0, 0.0, 0.0, 0.0, 0.0, 0.0, 0.0, 0.0, 0.0, 0.0, 1.0], "bins": [-0.0016873427666723728, -0.001375029794871807, -0.0010627169394865632, -0.0007504040258936584, -0.0004380911123007536, -0.00012577814050018787, 0.00018653471488505602, 0.0004988475702702999, 0.0008111605420708656, 0.0011234735138714314, 0.0014357863692566752, 0.0017480992246419191, 0.002060412196442485, 0.0023727251682430506, 0.0026850379072129726, 0.0029973508790135384, 0.003309663850814104, 0.00362197682261467, 0.0039342897944152355, 0.004246602766215801, 0.00455891527235508, 0.004871228709816933, 0.005183541215956211, 0.005495854187756777, 0.0058081671595573425, 0.006120480131357908, 0.006432793103158474, 0.00674510607495904, 0.007057419046759605, 0.007369731552898884, 0.0076820445246994495, 0.007994357496500015, 0.008306670933961868, 0.008618983440101147, 0.008931296877563, 0.009243609383702278, 0.009555922821164131, 0.00986823532730341, 0.010180548764765263, 0.010492861270904541, 0.010805174708366394, 0.011117487214505672, 0.011429800651967525, 0.011742113158106804, 0.012054426595568657, 0.012366739101707935, 0.012679052539169788, 0.012991365045309067, 0.013303677551448345, 0.013615990057587624, 0.013928303495049477, 0.014240616001188755, 0.014552929438650608, 0.014865241944789886, 0.01517755538225174, 0.015489867888391018, 0.015802180394530296, 0.01611449383199215, 0.016426805406808853, 0.016739118844270706, 0.01705143228173256, 0.017363745719194412, 0.017676057294011116, 0.01798837073147297, 0.018300684168934822]}, "loss": 0.05829507112503052, "gradients/layers.2.bias": {"_type": "histogram", "values": [1.0, 0.0, 0.0, 0.0, 0.0, 0.0, 0.0, 0.0, 0.0, 0.0, 0.0, 0.0, 0.0, 0.0, 0.0, 0.0, 0.0, 0.0, 0.0, 0.0, 0.0, 0.0, 0.0, 0.0, 0.0, 0.0, 0.0, 0.0, 0.0, 0.0, 0.0, 0.0, 0.0, 0.0, 0.0, 0.0, 0.0, 0.0, 0.0, 0.0, 0.0, 0.0, 0.0, 0.0, 0.0, 0.0, 0.0, 0.0, 0.0, 0.0, 0.0, 0.0, 0.0, 0.0, 0.0, 0.0, 0.0, 0.0, 0.0, 0.0, 0.0, 0.0, 0.0, 1.0],