{"reward": 200.0, "_runtime": 20, "_timestamp": 1635285881, "_step": 169, "parameters/layers.0.weight": {"_type": "histogram", "values": [1.0, 0.0, 0.0, 0.0, 0.0, 0.0, 0.0, 2.0, 0.0, 3.0, 4.0, 2.0, 5.0, 11.0, 17.0, 14.0, 14.0, 15.0, 28.0, 26.0, 33.0, 51.0, 40.0, 53.0, 58.0, 63.0, 73.0, 83.0, 84.0, 66.0, 76.0, 97.0, 98.0, 110.0, 79.0, 82.0, 80.0, 77.0, 70.0, 59.0, 53.0, 58.0, 37.0, 25.0, 30.0, 36.0, 32.0, 24.0, 18.0, 31.0, 19.0, 17.0, 19.0, 13.0, 11.0, 14.0, 12.0, 7.0, 9.0, 1.0, 2.0, 1.0, 3.0, 2.0], "bins": [-1.546990990638733, -1.4988763332366943, -1.4507616758346558, -1.4026470184326172, -1.354532241821289, -1.3064175844192505, -1.258302927017212, -1.2101882696151733, -1.1620736122131348, -1.1139589548110962, -1.0658442974090576, -1.0177295207977295, -0.9696149230003357, -0.9215002059936523, -0.8733855485916138, -0.8252708911895752, -0.7771561741828918, -0.7290415167808533, -0.6809267997741699, -0.6328121423721313, -0.5846974849700928, -0.5365828275680542, -0.48846811056137085, -0.4403534531593323, -0.3922387659549713, -0.34412407875061035, -0.2960094213485718, -0.24789473414421082, -0.19978006184101105, -0.15166538953781128, -0.10355070233345032, -0.05543604493141174, -0.007321357727050781, 0.040793318301439285, 0.08890799432992935, 0.13702267408370972, 0.18513734638690948, 0.23325201869010925, 0.2813667058944702, 0.3294813632965088, 0.37759605050086975, 0.4257107377052307, 0.4738253951072693, 0.5219401121139526, 0.5700547695159912, 0.6181694269180298, 0.6662840843200684, 0.7143987417221069, 0.7625134587287903, 0.8106281161308289, 0.8587428331375122, 0.9068574905395508, 0.9549721479415894, 1.003086805343628, 1.051201581954956, 1.099316120147705, 1.1474308967590332, 1.1955455541610718, 1.2436602115631104, 1.2917749881744385, 1.339889645576477, 1.3880043029785156, 1.4361189603805542, 1.4842336177825928, 1.5323482751846313]}, "parameters/layers.0.bias": {"_type": "histogram", "values": [1.0, 0.0, 0.0, 0.0, 1.0, 0.0, 0.0, 1.0, 0.0, 2.0, 1.0, 2.0, 0.0, 0.0, 4.0, 2.0, 3.0, 3.0, 4.0, 2.0, 7.0, 2.0, 4.0, 3.0, 5.0, 1.0, 5.0, 3.0, 5.0, 3.0, 3.0, 10.0, 8.0, 6.0, 11.0, 10.0, 6.0, 12.0, 13.0, 7.0, 4.0, 1.0, 4.0, 3.0, 12.0, 9.0, 10.0, 6.0, 9.0, 9.0, 8.0, 8.0, 9.0, 3.0, 5.0, 2.0, 0.0, 0.0, 1.0, 1.0, 0.0, 1.0, 0.0, 1.0], "bins": [-0.5938218832015991, -0.5730823874473572, -0.5523428320884705, -0.5316033363342285, -0.5108638405799866, -0.49012428522109985, -0.4693847894668579, -0.4486452639102936, -0.42790573835372925, -0.4071662127971649, -0.386426717042923, -0.36568719148635864, -0.3449476659297943, -0.32420814037323, -0.30346864461898804, -0.2827291190624237, -0.26198962330818176, -0.24125011265277863, -0.2205105870962143, -0.19977107644081116, -0.17903155088424683, -0.1582920402288437, -0.13755252957344055, -0.11681300401687622, -0.09607349336147308, -0.07533397525548935, -0.054594460874795914, -0.03385494649410248, -0.013115428388118744, 0.00762408971786499, 0.028363600373268127, 0.04910312592983246, 0.0698426365852356, 0.09058215469121933, 0.11132167279720306, 0.1320611834526062, 0.15280070900917053, 0.17354021966457367, 0.1942797303199768, 0.21501925587654114, 0.23575876653194427, 0.2564982771873474, 0.27723780274391174, 0.2979773283004761, 0.318716824054718, 0.33945634961128235, 0.3601958751678467, 0.3809353709220886, 0.40167489647865295, 0.4224144220352173, 0.44315391778945923, 0.46389344334602356, 0.4846329689025879, 0.5053724646568298, 0.5261119604110718, 0.5468515157699585, 0.5675910115242004, 0.5883305072784424, 0.6090700626373291, 0.629809558391571, 0.650549054145813, 0.6712886095046997, 0.6920281052589417, 0.7127676010131836, 0.7335071563720703]}, "parameters/layers.2.weight": {"_type": "histogram", "values": [1.0, 0.0, 0.0, 0.0, 0.0, 1.0, 0.0, 0.0, 1.0, 3.0, 3.0, 1.0, 3.0, 2.0, 5.0, 8.0, 9.0, 9.0, 16.0, 16.0, 12.0, 10.0, 15.0, 12.0, 10.0, 10.0, 11.0, 7.0, 4.0, 9.0, 17.0, 25.0, 39.0, 42.0, 38.0, 28.0, 24.0, 26.0, 16.0, 18.0, 11.0, 8.0, 12.0, 7.0, 4.0, 4.0, 3.0, 5.0, 3.0, 1.0, 0.0, 1.0, 0.0, 1.0, 0.0, 0.0, 0.0, 0.0, 0.0, 0.0, 0.0, 0.0, 0.0, 1.0], "bins": [-1.3048481941223145, -1.261864423751831, -1.2188806533813477, -1.1758970022201538, -1.1329132318496704, -1.089929461479187, -1.0469458103179932, -1.0039620399475098, -0.9609782695770264, -0.917994499206543, -0.8750107884407043, -0.8320270776748657, -0.7890433073043823, -0.7460595369338989, -0.7030758261680603, -0.6600921154022217, -0.6171083450317383, -0.5741245746612549, -0.5311408638954163, -0.48815712332725525, -0.44517338275909424, -0.4021896421909332, -0.3592059016227722, -0.3162221610546112, -0.2732384204864502, -0.23025467991828918, -0.18727093935012817, -0.14428719878196716, -0.10130345821380615, -0.05831971764564514, -0.01533597707748413, 0.02764776349067688, 0.07063162326812744, 0.11361536383628845, 0.15659910440444946, 0.19958284497261047, 0.24256658554077148, 0.2855503261089325, 0.3285340666770935, 0.3715178072452545, 0.4145015478134155, 0.45748528838157654, 0.5004690289497375, 0.5434527397155762, 0.5864365100860596, 0.629420280456543, 0.6724039912223816, 0.7153877019882202, 0.7583714723587036, 0.801355242729187, 0.8443389534950256, 0.8873226642608643, 0.9303064346313477, 0.973290205001831, 1.0162739753723145, 1.0592576265335083, 1.1022413969039917, 1.145225167274475, 1.188208818435669, 1.2311925888061523, 1.2741763591766357, 1.3171601295471191, 1.3601438999176025, 1.4031275510787964, 1.4461113214492798]}, "parameters/layers.2.bias": {"_type": "histogram", "values": [1.0, 0.0, 0.0, 0.0, 0.0, 0.0, 0.0, 0.0, 0.0, 0.0, 0.0, 0.0, 0.0, 0.0, 0.0, 0.0, 0.0, 0.0, 0.0, 0.0, 0.0, 0.0, 0.0, 0.0, 0.0, 0.0, 0.0, 0.0, 0.0, 0.0, 0.0, 0.0, 0.0, 0.0, 0.0, 0.0, 0.0, 0.0, 0.0, 0.0, 0.0, 0.0, 0.0, 0.0, 0.0, 0.0, 0.0, 0.0, 0.0, 0.0, 0.0, 0.0, 0.0, 0.0, 0.0, 0.0, 0.0, 0.0, 0.0, 0.0, 0.0, 0.0, 0.0, 1.0], "bins": [0.034441981464624405, 0.03537510335445404, 0.036308228969573975, 0.03724135085940361, 0.038174472749233246, 0.03910759463906288, 0.040040720254182816, 0.04097384214401245, 0.04190696403384209, 0.04284008592367172, 0.043773211538791656, 0.04470633342862129, 0.04563945531845093, 0.04657257720828056, 0.0475057028234005, 0.04843882471323013, 0.04937194660305977, 0.050305068492889404, 0.05123819410800934, 0.052171315997838974, 0.05310443788766861, 0.054037559777498245, 0.05497068539261818, 0.055903807282447815, 0.05683692917227745, 0.057770051062107086, 0.05870317667722702, 0.059636298567056656, 0.06056942045688629, 0.06150254234671593, 0.06243566796183586, 0.0633687898516655, 0.06430191546678543, 0.06523504108190536, 0.0661681592464447, 0.06710128486156464, 0.06803441047668457, 0.06896752864122391, 0.06990065425634384, 0.07083377242088318, 0.07176689803600311, 0.07270002365112305, 0.07363314181566238, 0.07456626743078232, 0.07549939304590225, 0.07643251121044159, 0.07736563682556152, 0.07829875499010086, 0.0792318806052208, 0.08016500622034073, 0.08109812438488007, 0.08203125, 0.08296437561511993, 0.08389749377965927, 0.0848306193947792, 0.08576373755931854, 0.08669686317443848, 0.08762998878955841, 0.08856310695409775, 0.08949623256921768, 0.09042935818433762, 0.09136247634887695, 0.09229560196399689, 0.09322872012853622, 0.09416184574365616]}, "gradients/layers.2.bias": {"_type": "histogram", "values": [1.0, 0.0, 0.0, 0.0, 0.0, 0.0, 0.0, 0.0, 0.0, 0.0, 0.0, 0.0, 0.0, 0.0, 0.0, 0.0, 0.0, 0.0, 0.0, 0.0, 0.0, 0.0, 0.0, 0.0, 0.0, 0.0, 0.0, 0.0, 0.0, 0.0, 0.0, 0.0, 0.0, 0.0, 0.0, 0.0, 0.0, 0.0, 0.0, 0.0, 0.0, 0.0, 0.0, 0.0, 0.0, 0.0, 0.0, 0.0, 0.0, 0.0, 0.0, 0.0, 0.0, 0.0, 0.0, 0.0, 0.0, 0.0, 0.0, 0.0, 0.0, 0.0, 0.0, 1.0],