{"parameters/layers.0.weight": {"_type": "histogram", "values": [3.0, 1.0, 0.0, 2.0, 0.0, 1.0, 4.0, 3.0, 0.0, 2.0, 2.0, 3.0, 2.0, 3.0, 3.0, 4.0, 6.0, 11.0, 15.0, 10.0, 15.0, 28.0, 20.0, 36.0, 33.0, 36.0, 46.0, 49.0, 48.0, 61.0, 50.0, 69.0, 57.0, 49.0, 57.0, 44.0, 32.0, 52.0, 32.0, 33.0, 23.0, 14.0, 7.0, 3.0, 10.0, 5.0, 2.0, 2.0, 6.0, 4.0, 3.0, 1.0, 4.0, 1.0, 2.0, 2.0, 0.0, 3.0, 1.0, 0.0, 4.0, 1.0, 1.0, 3.0], "bins": [-2.053929328918457, -1.9882186651229858, -1.9225080013275146, -1.8567973375320435, -1.7910866737365723, -1.7253758907318115, -1.6596652269363403, -1.5939545631408691, -1.528243899345398, -1.4625332355499268, -1.3968225717544556, -1.3311119079589844, -1.2654011249542236, -1.199690580368042, -1.1339797973632812, -1.06826913356781, -1.0025584697723389, -0.9368478059768677, -0.8711371421813965, -0.8054264187812805, -0.7397157549858093, -0.6740050911903381, -0.6082943677902222, -0.542583703994751, -0.4768730401992798, -0.4111623764038086, -0.345451682806015, -0.27974098920822144, -0.21403032541275024, -0.14831966161727905, -0.08260896801948547, -0.016898274421691895, 0.0488126277923584, 0.11452330648899078, 0.18023398518562317, 0.24594466388225555, 0.31165534257888794, 0.37736600637435913, 0.4430766999721527, 0.5087873935699463, 0.5744980573654175, 0.6402087211608887, 0.7059193849563599, 0.7716301083564758, 0.837340772151947, 0.9030514359474182, 0.9687621593475342, 1.0344728231430054, 1.1001834869384766, 1.1658941507339478, 1.231604814529419, 1.2973154783248901, 1.3630261421203613, 1.428736925125122, 1.4944475889205933, 1.5601582527160645, 1.6258689165115356, 1.6915795803070068, 1.757290244102478, 1.8230009078979492, 1.88871169090271, 1.9544222354888916, 2.0201330184936523, 2.085843563079834, 2.1515543460845947]}, "parameters/layers.0.bias": {"_type": "histogram", "values": [1.0, 1.0, 1.0, 1.0, 1.0, 2.0, 4.0, 1.0, 3.0, 3.0, 0.0, 2.0, 1.0, 6.0, 1.0, 0.0, 2.0, 0.0, 0.0, 0.0, 0.0, 0.0, 3.0, 0.0, 2.0, 2.0, 2.0, 8.0, 7.0, 5.0, 1.0, 5.0, 2.0, 2.0, 3.0, 5.0, 2.0, 3.0, 5.0, 6.0, 3.0, 7.0, 4.0, 3.0, 12.0, 12.0, 6.0, 10.0, 8.0, 6.0, 7.0, 8.0, 8.0, 13.0, 3.0, 8.0, 7.0, 8.0, 7.0, 4.0, 8.0, 7.0, 2.0, 2.0], "bins": [-0.5121687054634094, -0.4878588020801544, -0.463548868894577, -0.439238965511322, -0.41492903232574463, -0.3906191289424896, -0.3663092255592346, -0.3419992923736572, -0.3176893889904022, -0.2933794856071472, -0.2690695524215698, -0.24475964903831482, -0.22044973075389862, -0.19613981246948242, -0.17182990908622742, -0.14751999080181122, -0.12321007251739502, -0.09890015423297882, -0.07459024339914322, -0.05028033256530762, -0.02597041428089142, -0.0016604959964752197, 0.022649407386779785, 0.046959325671195984, 0.0712692141532898, 0.095579132437706, 0.1198890432715416, 0.1441989541053772, 0.1685088723897934, 0.1928187906742096, 0.2171286940574646, 0.2414386123418808, 0.26574862003326416, 0.29005852341651917, 0.31436845660209656, 0.33867835998535156, 0.36298829317092896, 0.38729819655418396, 0.41160809993743896, 0.43591803312301636, 0.46022796630859375, 0.48453786969184875, 0.5088477730751038, 0.5331577062606812, 0.5574676394462585, 0.5817775726318359, 0.6060874462127686, 0.630397379398346, 0.6547072529792786, 0.679017186164856, 0.7033270597457886, 0.727636992931366, 0.7519469261169434, 0.776256799697876, 0.8005667328834534, 0.8248766660690308, 0.8491865396499634, 0.8734964728355408, 0.8978063464164734, 0.9221162796020508, 0.9464262127876282, 0.9707361459732056, 0.9950460195541382, 1.0193558931350708, 1.043665885925293]}, "parameters/layers.2.weight": {"_type": "histogram", "values": [1.0, 1.0, 0.0, 0.0, 0.0, 0.0, 2.0, 0.0, 0.0, 2.0, 1.0, 2.0, 1.0, 2.0, 1.0, 0.0, 3.0, 3.0, 2.0, 2.0, 3.0, 2.0, 6.0, 2.0, 4.0, 3.0, 6.0, 7.0, 5.0, 3.0, 2.0, 8.0, 3.0, 9.0, 12.0, 17.0, 22.0, 20.0, 26.0, 25.0, 36.0, 40.0, 51.0, 47.0, 25.0, 22.0, 19.0, 33.0, 19.0, 7.0, 3.0, 1.0, 0.0, 0.0, 0.0, 0.0, 0.0, 0.0, 0.0, 0.0, 0.0, 0.0, 0.0, 1.0], "bins": [-1.9247628450393677, -1.8714706897735596, -1.8181785345077515, -1.7648863792419434, -1.7115943431854248, -1.6583021879196167, -1.6050100326538086, -1.5517178773880005, -1.4984257221221924, -1.4451335668563843, -1.3918414115905762, -1.3385493755340576, -1.2852572202682495, -1.2319650650024414, -1.1786729097366333, -1.1253807544708252, -1.0720887184143066, -1.0187965631484985, -0.9655044674873352, -0.9122123122215271, -0.858920156955719, -0.8056280612945557, -0.7523359060287476, -0.6990437507629395, -0.6457515954971313, -0.5924594402313232, -0.5391673445701599, -0.4858751893043518, -0.4325830340385437, -0.379290908575058, -0.32599878311157227, -0.27270662784576416, -0.21941447257995605, -0.16612233221530914, -0.11283019930124283, -0.059538066387176514, -0.006245926022529602, 0.04704621434211731, 0.10033833980560303, 0.15363049507141113, 0.20692265033721924, 0.26021477580070496, 0.31350693106651306, 0.3667990565299988, 0.4200912117958069, 0.4733833372592926, 0.5266754627227783, 0.5799676179885864, 0.6332597136497498, 0.6865518689155579, 0.7398439645767212, 0.7931361198425293, 0.8464282751083374, 0.8997204303741455, 0.9530125260353088, 1.0063047409057617, 1.0595967769622803, 1.1128889322280884, 1.1661810874938965, 1.219473123550415, 1.2727652788162231, 1.3260574340820312, 1.3793495893478394, 1.4326417446136475, 1.4859338998794556]}, "parameters/layers.2.bias": {"_type": "histogram", "values": [1.0, 0.0, 0.0, 0.0, 0.0, 0.0, 0.0, 0.0, 0.0, 0.0, 0.0, 0.0, 0.0, 0.0, 0.0, 0.0, 0.0, 0.0, 0.0, 0.0, 0.0, 0.0, 0.0, 0.0, 0.0, 0.0, 0.0, 0.0, 0.0, 0.0, 0.0, 0.0, 0.0, 0.0, 0.0, 0.0, 0.0, 0.0, 0.0, 0.0, 0.0, 0.0, 0.0, 0.0, 0.0, 0.0, 0.0, 0.0, 0.0, 0.0, 0.0, 0.0, 0.0, 0.0, 0.0, 0.0, 0.0, 0.0, 0.0, 0.0, 0.0, 0.0, 0.0, 1.0], "bins": [0.33647599816322327, 0.3365081548690796, 0.3365402817726135, 0.33657243847846985, 0.3366045653820038, 0.3366367220878601, 0.33666884899139404, 0.33670100569725037, 0.3367331326007843, 0.3367652893066406, 0.33679741621017456, 0.3368295729160309, 0.3368616998195648, 0.33689385652542114, 0.3369259834289551, 0.3369581401348114, 0.33699026703834534, 0.33702242374420166, 0.3370545506477356, 0.3370867073535919, 0.33711883425712585, 0.3371509909629822, 0.3371831178665161, 0.33721527457237244, 0.33724740147590637, 0.3372795581817627, 0.33731168508529663, 0.33734384179115295, 0.3373759686946869, 0.3374081254005432, 0.33744025230407715, 0.33747240900993347, 0.3375045657157898, 0.3375367224216461, 0.33756884932518005, 0.3376010060310364, 0.3376331329345703, 0.33766528964042664, 0.33769741654396057, 0.3377295732498169, 0.33776170015335083, 0.33779385685920715, 0.3378259837627411, 0.3378581404685974, 0.33789026737213135, 0.33792242407798767, 0.3379545509815216, 0.33798670768737793, 0.33801883459091187, 0.3380509912967682, 0.3380831182003021, 0.33811527490615845, 0.3381474018096924, 0.3381795585155487, 0.33821168541908264, 0.33824384212493896, 0.3382759690284729, 0.3383081257343292, 0.33834025263786316, 0.3383724093437195, 0.3384045362472534, 0.33843669295310974, 0.3384688198566437, 0.3385009765625, 0.33853310346603394]}, "_runtime": 21, "_timestamp": 1634766455, "_step": 239, "reward": 36.0, "gradients/layers.2.bias": {"_type": "histogram", "values": [1.0, 0.0, 0.0, 0.0, 0.0, 0.0, 0.0, 0.0, 0.0, 0.0, 0.0, 0.0, 0.0, 0.0, 0.0, 0.0, 0.0, 0.0, 0.0, 0.0, 0.0, 0.0, 0.0, 0.0, 0.0, 0.0, 0.0, 0.0, 0.0, 0.0, 0.0, 0.0, 0.0, 0.0, 0.0, 0.0, 0.0, 0.0, 0.0, 0.0, 0.0, 0.0, 0.0, 0.0, 0.0, 0.0, 0.0, 0.0, 0.0, 0.0, 0.0, 0.0, 0.0, 0.0, 0.0, 0.0, 0.0, 0.0, 0.0, 0.0, 0.0, 0.0, 0.0, 1.0],