{"reward": 200.0, "parameters/layers.0.weight": {"_type": "histogram", "values": [1.0, 1.0, 0.0, 3.0, 2.0, 4.0, 0.0, 1.0, 4.0, 1.0, 1.0, 6.0, 3.0, 8.0, 17.0, 9.0, 19.0, 18.0, 29.0, 33.0, 38.0, 51.0, 86.0, 96.0, 135.0, 133.0, 130.0, 141.0, 162.0, 155.0, 155.0, 123.0, 114.0, 91.0, 89.0, 67.0, 45.0, 31.0, 13.0, 11.0, 2.0, 1.0, 1.0, 0.0, 2.0, 0.0, 1.0, 0.0, 2.0, 1.0, 1.0, 0.0, 1.0, 1.0, 2.0, 2.0, 0.0, 0.0, 0.0, 1.0, 0.0, 0.0, 3.0, 1.0], "bins": [-2.234849691390991, -2.1489779949188232, -2.0631062984466553, -1.9772346019744873, -1.8913629055023193, -1.8054912090301514, -1.7196195125579834, -1.6337478160858154, -1.5478761196136475, -1.4620044231414795, -1.3761327266693115, -1.2902610301971436, -1.2043893337249756, -1.1185176372528076, -1.0326459407806396, -0.9467741847038269, -0.8609024286270142, -0.7750307321548462, -0.6891590356826782, -0.6032873392105103, -0.5174156427383423, -0.43154391646385193, -0.3456721901893616, -0.2598004937171936, -0.17392879724502563, -0.08805709332227707, -0.0021853893995285034, 0.08368632197380066, 0.16955801844596863, 0.2554297149181366, 0.34130144119262695, 0.4271731376647949, 0.5130448341369629, 0.5989165306091309, 0.6847882270812988, 0.7706599235534668, 0.8565316200256348, 0.9424033164978027, 1.0282750129699707, 1.1141467094421387, 1.2000184059143066, 1.2858901023864746, 1.3717617988586426, 1.4576334953308105, 1.5435051918029785, 1.6293768882751465, 1.7152485847473145, 1.8011202812194824, 1.88699209690094, 1.972863793373108, 2.0587356090545654, 2.1446073055267334, 2.2304790019989014, 2.3163506984710693, 2.4022223949432373, 2.4880940914154053, 2.5739657878875732, 2.659837484359741, 2.745709180831909, 2.831580877304077, 2.917452573776245, 3.003324270248413, 3.089195966720581, 3.175067663192749, 3.260939359664917]}, "parameters/layers.0.bias": {"_type": "histogram", "values": [1.0, 0.0, 1.0, 0.0, 1.0, 0.0, 0.0, 0.0, 0.0, 0.0, 1.0, 0.0, 3.0, 0.0, 2.0, 2.0, 3.0, 2.0, 0.0, 2.0, 2.0, 5.0, 2.0, 3.0, 5.0, 5.0, 4.0, 5.0, 8.0, 2.0, 5.0, 9.0, 9.0, 7.0, 9.0, 6.0, 10.0, 5.0, 10.0, 10.0, 9.0, 7.0, 8.0, 9.0, 8.0, 15.0, 13.0, 6.0, 11.0, 4.0, 6.0, 4.0, 5.0, 3.0, 1.0, 2.0, 0.0, 3.0, 2.0, 0.0, 0.0, 0.0, 0.0, 1.0], "bins": [-0.7031771540641785, -0.6740303039550781, -0.644883394241333, -0.6157365441322327, -0.5865896940231323, -0.5574427843093872, -0.5282959342002869, -0.49914905428886414, -0.4700021743774414, -0.4408552944660187, -0.41170841455459595, -0.3825615644454956, -0.3534146845340729, -0.32426780462265015, -0.2951209545135498, -0.2659740746021271, -0.23682719469070435, -0.20768031477928162, -0.17853344976902008, -0.14938658475875854, -0.12023970484733582, -0.09109282493591309, -0.06194595992565155, -0.032799094915390015, -0.003652215003967285, 0.025494657456874847, 0.05464152991771698, 0.08378840237855911, 0.11293527483940125, 0.14208215475082397, 0.1712290197610855, 0.20037588477134705, 0.22952282428741455, 0.2586697041988373, 0.28781658411026, 0.31696343421936035, 0.3461103141307831, 0.3752571940422058, 0.40440404415130615, 0.4335509240627289, 0.4626978039741516, 0.49184468388557434, 0.5209915637969971, 0.5501384139060974, 0.5792852640151978, 0.6084321737289429, 0.6375790238380432, 0.6667258739471436, 0.6958727836608887, 0.725019633769989, 0.7541665434837341, 0.7833133935928345, 0.8124603033065796, 0.8416071534156799, 0.8707540035247803, 0.8999009132385254, 0.9290477633476257, 0.9581946134567261, 0.9873415231704712, 1.0164884328842163, 1.0456352233886719, 1.074782133102417, 1.103929042816162, 1.1330758333206177, 1.1622227430343628]}, "parameters/layers.2.weight": {"_type": "histogram", "values": [1.0, 2.0, 0.0, 1.0, 2.0, 7.0, 5.0, 10.0, 6.0, 5.0, 6.0, 9.0, 7.0, 12.0, 13.0, 13.0, 10.0, 8.0, 7.0, 4.0, 5.0, 4.0, 6.0, 3.0, 2.0, 4.0, 2.0, 0.0, 5.0, 6.0, 6.0, 3.0, 7.0, 12.0, 16.0, 29.0, 35.0, 43.0, 35.0, 34.0, 26.0, 23.0, 16.0, 9.0, 11.0, 11.0, 8.0, 6.0, 5.0, 0.0, 4.0, 2.0, 1.0, 0.0, 0.0, 0.0, 1.0, 1.0, 0.0, 0.0, 1.0, 0.0, 0.0, 2.0], "bins": [-1.4016523361206055, -1.3554438352584839, -1.3092353343963623, -1.2630269527435303, -1.2168184518814087, -1.170609951019287, -1.1244014501571655, -1.078192949295044, -1.031984567642212, -0.9857760667800903, -0.9395676255226135, -0.8933591246604919, -0.8471506834030151, -0.8009421825408936, -0.754733681678772, -0.7085251808166504, -0.6623166799545288, -0.6161081790924072, -0.5698997378349304, -0.5236912369728088, -0.47748276591300964, -0.43127429485321045, -0.38506579399108887, -0.3388573229312897, -0.2926488518714905, -0.24644038081169128, -0.2002318948507309, -0.1540234088897705, -0.10781493782997131, -0.06160646677017212, -0.015397965908050537, 0.030810505151748657, 0.07701897621154785, 0.12322745472192764, 0.16943593323230743, 0.21564441919326782, 0.261852890253067, 0.3080613613128662, 0.3542698621749878, 0.400478333234787, 0.4466868042945862, 0.4928952753543854, 0.5391037464141846, 0.5853122472763062, 0.6315207481384277, 0.6777291893959045, 0.7239376902580261, 0.7701461315155029, 0.8163546323776245, 0.8625631332397461, 0.9087715744972229, 0.9549800753593445, 1.0011885166168213, 1.0473970174789429, 1.0936055183410645, 1.139814019203186, 1.1860225200653076, 1.2322310209274292, 1.2784395217895508, 1.3246479034423828, 1.3708564043045044, 1.417064905166626, 1.4632734060287476, 1.5094819068908691, 1.5556902885437012]}, "parameters/layers.2.bias": {"_type": "histogram", "values": [1.0, 0.0, 0.0, 0.0, 0.0, 0.0, 0.0, 0.0, 0.0, 0.0, 0.0, 0.0, 0.0, 0.0, 0.0, 0.0, 0.0, 0.0, 0.0, 0.0, 0.0, 0.0, 0.0, 0.0, 0.0, 0.0, 0.0, 0.0, 0.0, 0.0, 0.0, 0.0, 0.0, 0.0, 0.0, 0.0, 0.0, 0.0, 0.0, 0.0, 0.0, 0.0, 0.0, 0.0, 0.0, 0.0, 0.0, 0.0, 0.0, 0.0, 0.0, 0.0, 0.0, 0.0, 0.0, 0.0, 0.0, 0.0, 0.0, 0.0, 0.0, 0.0, 0.0, 1.0], "bins": [0.11245672404766083, 0.11351688206195831, 0.1145770400762558, 0.11563719809055328, 0.11669735610485077, 0.11775751411914825, 0.11881767958402634, 0.11987783759832382, 0.12093799561262131, 0.12199815362691879, 0.12305831164121628, 0.12411846965551376, 0.12517863512039185, 0.12623879313468933, 0.12729895114898682, 0.1283591091632843, 0.1294192671775818, 0.13047942519187927, 0.13153958320617676, 0.13259974122047424, 0.13365989923477173, 0.1347200572490692, 0.1357802152633667, 0.13684037327766418, 0.13790053129196167, 0.13896068930625916, 0.14002084732055664, 0.14108100533485413, 0.1421411633491516, 0.1432013213634491, 0.14426147937774658, 0.14532163739204407, 0.14638179540634155, 0.14744195342063904, 0.14850211143493652, 0.149562269449234, 0.1506224274635315, 0.15168258547782898, 0.15274274349212646, 0.15380290150642395, 0.15486307442188263, 0.15592323243618011, 0.1569833904504776, 0.15804354846477509, 0.15910370647907257, 0.16016386449337006, 0.16122402250766754, 0.16228418052196503, 0.1633443385362625, 0.16440449655056, 0.16546465456485748, 0.16652481257915497, 0.16758497059345245, 0.16864512860774994, 0.16970528662204742, 0.1707654446363449, 0.1718256175518036, 0.17288577556610107, 0.17394593358039856, 0.17500609159469604, 0.17606624960899353, 0.17712640762329102, 0.1781865656375885, 0.179246723651886, 0.18030688166618347]}, "_runtime": 70, "_timestamp": 1635286130, "_step": 325, "gradients/layers.2.bias": {"_type": "histogram", "values": [1.0, 0.0, 0.0, 0.0, 0.0, 0.0, 0.0, 0.0, 0.0, 0.0, 0.0, 0.0, 0.0, 0.0, 0.0, 0.0, 0.0, 0.0, 0.0, 0.0, 0.0, 0.0, 0.0, 0.0, 0.0, 0.0, 0.0, 0.0, 0.0, 0.0, 0.0, 0.0, 0.0, 0.0, 0.0, 0.0, 0.0, 0.0, 0.0, 0.0, 0.0, 0.0, 0.0, 0.0, 0.0, 0.0, 0.0, 0.0, 0.0, 0.0, 0.0, 0.0, 0.0, 0.0, 0.0, 0.0, 0.0, 0.0, 0.0, 0.0, 0.0, 0.0, 0.0, 1.0],