{"reward": 200.0, "_runtime": 28, "_timestamp": 1634772530, "_step": 182, "parameters/layers.0.weight": {"_type": "histogram", "values": [3.0, 1.0, 0.0, 2.0, 6.0, 3.0, 1.0, 1.0, 9.0, 5.0, 7.0, 4.0, 10.0, 4.0, 9.0, 11.0, 10.0, 10.0, 13.0, 19.0, 22.0, 40.0, 39.0, 30.0, 65.0, 72.0, 99.0, 86.0, 107.0, 91.0, 111.0, 112.0, 97.0, 109.0, 118.0, 89.0, 101.0, 90.0, 88.0, 64.0, 63.0, 35.0, 28.0, 18.0, 22.0, 17.0, 16.0, 14.0, 13.0, 11.0, 10.0, 11.0, 5.0, 4.0, 5.0, 6.0, 1.0, 5.0, 4.0, 0.0, 0.0, 0.0, 0.0, 2.0], "bins": [-1.2496689558029175, -1.2074167728424072, -1.165164589881897, -1.1229124069213867, -1.0806602239608765, -1.0384080410003662, -0.9961559176445007, -0.9539037942886353, -0.911651611328125, -0.8693994283676147, -0.8271472454071045, -0.7848950624465942, -0.7426429390907288, -0.7003907561302185, -0.6581385731697083, -0.6158864498138428, -0.5736342072486877, -0.5313820242881775, -0.4891298711299896, -0.44687768816947937, -0.4046255350112915, -0.36237335205078125, -0.320121169090271, -0.27786901593208313, -0.2356168031692505, -0.19336463510990143, -0.15111246705055237, -0.10886028409004211, -0.06660811603069305, -0.024355947971343994, 0.01789623498916626, 0.060148388147354126, 0.10240054130554199, 0.14465270936489105, 0.1869048774242401, 0.22915706038475037, 0.27140921354293823, 0.3136613965034485, 0.35591357946395874, 0.3981657326221466, 0.4404178857803345, 0.4826700687408447, 0.524922251701355, 0.5671744346618652, 0.6094265580177307, 0.651678740978241, 0.6939309239387512, 0.7361830472946167, 0.7784352898597717, 0.820687472820282, 0.8629396557807922, 0.9051917791366577, 0.947443962097168, 0.9896961450576782, 1.0319483280181885, 1.0742005109786987, 1.116452693939209, 1.1587048768997192, 1.2009570598602295, 1.2432092428207397, 1.28546142578125, 1.3277134895324707, 1.3699657917022705, 1.4122178554534912, 1.4544700384140015]}, "parameters/layers.0.bias": {"_type": "histogram", "values": [1.0, 0.0, 0.0, 1.0, 0.0, 2.0, 1.0, 0.0, 1.0, 1.0, 1.0, 4.0, 0.0, 2.0, 2.0, 3.0, 3.0, 5.0, 3.0, 3.0, 3.0, 3.0, 2.0, 5.0, 3.0, 8.0, 7.0, 8.0, 1.0, 6.0, 8.0, 11.0, 1.0, 10.0, 11.0, 8.0, 7.0, 7.0, 9.0, 10.0, 4.0, 15.0, 9.0, 12.0, 10.0, 9.0, 11.0, 4.0, 1.0, 3.0, 3.0, 1.0, 5.0, 0.0, 1.0, 2.0, 0.0, 1.0, 1.0, 0.0, 1.0, 0.0, 1.0, 1.0], "bins": [-0.45049721002578735, -0.43027180433273315, -0.41004642844200134, -0.38982102274894714, -0.36959564685821533, -0.34937024116516113, -0.32914483547210693, -0.30891942977905273, -0.2886940538883209, -0.2684686481952667, -0.2482432723045349, -0.2280178666114807, -0.2077924758195877, -0.1875670850276947, -0.1673416793346405, -0.1471162885427475, -0.1268908977508545, -0.10666550695896149, -0.08644010871648788, -0.06621471047401428, -0.04598931968212128, -0.02576392889022827, -0.005538530647754669, 0.014686867594718933, 0.03491225838661194, 0.05513765290379524, 0.07536304742097855, 0.09558844566345215, 0.11581383645534515, 0.13603922724723816, 0.15626463294029236, 0.17649002373218536, 0.19671541452407837, 0.21694080531597137, 0.23716619610786438, 0.2573916018009186, 0.2776169776916504, 0.2978423833847046, 0.3180677890777588, 0.338293194770813, 0.3585185706615448, 0.378743976354599, 0.3989693522453308, 0.419194757938385, 0.4394201636314392, 0.459645539522171, 0.4798709452152252, 0.500096321105957, 0.5203217267990112, 0.5405471324920654, 0.5607725381851196, 0.580997884273529, 0.6012232899665833, 0.6214486956596375, 0.6416741013526917, 0.6618995070457458, 0.6821248531341553, 0.7023502588272095, 0.7225756645202637, 0.7428010106086731, 0.7630264163017273, 0.7832518219947815, 0.8034772276878357, 0.8237026333808899, 0.8439280390739441]}, "parameters/layers.2.weight": {"_type": "histogram", "values": [1.0, 0.0, 0.0, 0.0, 1.0, 6.0, 2.0, 3.0, 3.0, 2.0, 1.0, 8.0, 10.0, 10.0, 12.0, 10.0, 13.0, 14.0, 20.0, 3.0, 14.0, 10.0, 6.0, 6.0, 6.0, 1.0, 4.0, 5.0, 3.0, 10.0, 17.0, 17.0, 27.0, 33.0, 24.0, 36.0, 29.0, 20.0, 20.0, 19.0, 12.0, 6.0, 8.0, 9.0, 4.0, 4.0, 3.0, 4.0, 2.0, 4.0, 0.0, 4.0, 4.0, 2.0, 3.0, 6.0, 1.0, 3.0, 0.0, 2.0, 2.0, 1.0, 0.0, 2.0], "bins": [-0.7987985610961914, -0.7724254131317139, -0.7460522651672363, -0.7196791172027588, -0.6933059692382812, -0.6669328212738037, -0.6405596137046814, -0.6141864657402039, -0.5878133177757263, -0.5614401698112488, -0.5350670218467712, -0.5086938738822937, -0.4823206961154938, -0.45594754815101624, -0.4295743703842163, -0.40320122241973877, -0.37682807445526123, -0.3504549264907837, -0.32408177852630615, -0.2977086007595062, -0.2713354527950287, -0.24496230483055115, -0.21858914196491241, -0.19221597909927368, -0.16584283113479614, -0.1394696831703186, -0.11309652030467987, -0.08672336488962173, -0.0603502094745636, -0.03397706151008606, -0.007603898644447327, 0.018769264221191406, 0.04514247179031372, 0.07151562720537186, 0.09788878262042999, 0.12426193803548813, 0.15063509345054626, 0.1770082414150238, 0.20338140428066254, 0.22975456714630127, 0.2561277151107788, 0.28250086307525635, 0.3088740110397339, 0.3352471888065338, 0.36162033677101135, 0.3879934847354889, 0.4143666625022888, 0.44073981046676636, 0.4671129584312439, 0.49348610639572144, 0.519859254360199, 0.5462324023246765, 0.5726056098937988, 0.5989787578582764, 0.6253519058227539, 0.6517250537872314, 0.678098201751709, 0.7044713497161865, 0.7308444976806641, 0.7572176456451416, 0.7835907936096191, 0.8099639415740967, 0.836337149143219, 0.8627102971076965, 0.8890834450721741]}, "parameters/layers.2.bias": {"_type": "histogram", "values": [1.0, 0.0, 0.0, 0.0, 0.0, 0.0, 0.0, 0.0, 0.0, 0.0, 0.0, 0.0, 0.0, 0.0, 0.0, 0.0, 0.0, 0.0, 0.0, 0.0, 0.0, 0.0, 0.0, 0.0, 0.0, 0.0, 0.0, 0.0, 0.0, 0.0, 0.0, 0.0, 0.0, 0.0, 0.0, 0.0, 0.0, 0.0, 0.0, 0.0, 0.0, 0.0, 0.0, 0.0, 0.0, 0.0, 0.0, 0.0, 0.0, 0.0, 0.0, 0.0, 0.0, 0.0, 0.0, 0.0, 0.0, 0.0, 0.0, 0.0, 0.0, 0.0, 0.0, 1.0], "bins": [0.01992354542016983, 0.020920196548104286, 0.02191684953868389, 0.022913500666618347, 0.023910151794552803, 0.02490680292248726, 0.025903455913066864, 0.02690010704100132, 0.027896758168935776, 0.02889340929687023, 0.029890062287449837, 0.030886713415384293, 0.0318833664059639, 0.032880015671253204, 0.03387666866183281, 0.034873321652412415, 0.03586997091770172, 0.036866623908281326, 0.03786327317357063, 0.03885992616415024, 0.03985657915472984, 0.04085322842001915, 0.041849881410598755, 0.04284653440117836, 0.043843187391757965, 0.04483984038233757, 0.04583648964762688, 0.04683314263820648, 0.04782979562878609, 0.048826444894075394, 0.049823097884655, 0.050819750875234604, 0.05181640014052391, 0.052813053131103516, 0.05380970239639282, 0.05480635538697243, 0.05580300837755203, 0.05679965764284134, 0.057796310633420944, 0.05879296362400055, 0.059789612889289856, 0.06078626587986946, 0.06178291514515877, 0.06277956813573837, 0.06377621740102768, 0.06477287411689758, 0.06576952338218689, 0.0667661726474762, 0.0677628293633461, 0.0687594786286354, 0.06975613534450531, 0.07075278460979462, 0.07174943387508392, 0.07274609059095383, 0.07374273985624313, 0.07473938912153244, 0.07573603838682175, 0.07673268765211105, 0.07772934436798096, 0.07872599363327026, 0.07972264289855957, 0.08071929961442947, 0.08171594887971878, 0.08271259814500809, 0.08370925486087799]}, "gradients/layers.2.bias": {"_type": "histogram", "values": [1.0, 0.0, 0.0, 0.0, 0.0, 0.0, 0.0, 0.0, 0.0, 0.0, 0.0, 0.0, 0.0, 0.0, 0.0, 0.0, 0.0, 0.0, 0.0, 0.0, 0.0, 0.0, 0.0, 0.0, 0.0, 0.0, 0.0, 0.0, 0.0, 0.0, 0.0, 0.0, 0.0, 0.0, 0.0, 0.0, 0.0, 0.0, 0.0, 0.0, 0.0, 0.0, 0.0, 0.0, 0.0, 0.0, 0.0, 0.0, 0.0, 0.0, 0.0, 0.0, 0.0, 0.0, 0.0, 0.0, 0.0, 0.0, 0.0, 0.0, 0.0, 0.0, 0.0, 1.0],