{"reward": 81.0, "_runtime": 21, "_timestamp": 1634766489, "_step": 229, "parameters/layers.0.weight": {"_type": "histogram", "values": [1.0, 2.0, 0.0, 0.0, 0.0, 0.0, 0.0, 1.0, 1.0, 1.0, 5.0, 6.0, 3.0, 2.0, 11.0, 10.0, 19.0, 15.0, 25.0, 26.0, 30.0, 36.0, 45.0, 44.0, 44.0, 60.0, 67.0, 69.0, 59.0, 72.0, 68.0, 57.0, 52.0, 33.0, 25.0, 19.0, 12.0, 7.0, 10.0, 4.0, 5.0, 9.0, 4.0, 3.0, 7.0, 4.0, 5.0, 7.0, 5.0, 5.0, 5.0, 4.0, 6.0, 2.0, 2.0, 2.0, 2.0, 1.0, 0.0, 0.0, 1.0, 0.0, 1.0, 3.0], "bins": [-1.9518314599990845, -1.8823981285095215, -1.812964677810669, -1.743531346321106, -1.6740978956222534, -1.6046645641326904, -1.535231113433838, -1.465797781944275, -1.396364450454712, -1.326931118965149, -1.2574976682662964, -1.1880643367767334, -1.1186308860778809, -1.0491975545883179, -0.9797641634941101, -0.9103307723999023, -0.8408973217010498, -0.771463930606842, -0.7020305395126343, -0.6325972080230713, -0.5631637573242188, -0.4937303960323334, -0.424297034740448, -0.35486364364624023, -0.28543031215667725, -0.21599692106246948, -0.1465635448694229, -0.07713016867637634, -0.007696777582168579, 0.061736613512039185, 0.13116997480392456, 0.20060336589813232, 0.2700369358062744, 0.3394703269004822, 0.40890371799468994, 0.4783370792865753, 0.5477705001831055, 0.6172038316726685, 0.6866372227668762, 0.756070613861084, 0.8255040645599365, 0.8949374556541443, 0.964370846748352, 1.033804178237915, 1.1032376289367676, 1.1726709604263306, 1.2421042919158936, 1.311537742614746, 1.380971074104309, 1.450404405593872, 1.5198378562927246, 1.5892711877822876, 1.6587046384811401, 1.7281379699707031, 1.7975714206695557, 1.8670047521591187, 1.9364380836486816, 2.005871534347534, 2.0753047466278076, 2.14473819732666, 2.2141716480255127, 2.2836050987243652, 2.3530383110046387, 2.422471761703491, 2.4919052124023438]}, "parameters/layers.0.bias": {"_type": "histogram", "values": [2.0, 2.0, 1.0, 0.0, 0.0, 1.0, 4.0, 2.0, 2.0, 2.0, 0.0, 0.0, 1.0, 0.0, 2.0, 0.0, 2.0, 4.0, 2.0, 3.0, 3.0, 2.0, 3.0, 2.0, 1.0, 1.0, 4.0, 6.0, 4.0, 2.0, 2.0, 4.0, 2.0, 3.0, 0.0, 0.0, 3.0, 0.0, 2.0, 3.0, 5.0, 5.0, 12.0, 9.0, 9.0, 8.0, 11.0, 9.0, 5.0, 8.0, 17.0, 17.0, 4.0, 8.0, 5.0, 6.0, 13.0, 10.0, 3.0, 4.0, 6.0, 3.0, 1.0, 1.0], "bins": [-0.5152795910835266, -0.4890386462211609, -0.46279770135879517, -0.43655675649642944, -0.4103158116340637, -0.384074866771698, -0.3578338921070099, -0.33159294724464417, -0.30535200238227844, -0.2791110575199127, -0.252870112657547, -0.22662915289402008, -0.20038820803165436, -0.17414726316928864, -0.14790630340576172, -0.121665358543396, -0.09542441368103027, -0.06918346881866455, -0.04294251650571823, -0.01670156419277191, 0.009539380669593811, 0.035780325531959534, 0.06202128529548645, 0.08826223015785217, 0.11450320482254028, 0.140744149684906, 0.16698509454727173, 0.19322605431079865, 0.21946699917316437, 0.2457079440355301, 0.271948903799057, 0.29818984866142273, 0.3244307041168213, 0.350671648979187, 0.37691259384155273, 0.40315353870391846, 0.4293944835662842, 0.4556354284286499, 0.481876403093338, 0.5081173181533813, 0.5343582630157471, 0.5605992078781128, 0.5868401527404785, 0.6130810976028442, 0.63932204246521, 0.6655629873275757, 0.6918039321899414, 0.7180448770523071, 0.7442858815193176, 0.7705268263816833, 0.7967677712440491, 0.8230087161064148, 0.8492496609687805, 0.8754906058311462, 0.9017316102981567, 0.9279725551605225, 0.9542135000228882, 0.9804544448852539, 1.0066953897476196, 1.0329363346099854, 1.059177279472351, 1.0854182243347168, 1.1116591691970825, 1.1379001140594482, 1.164141058921814]}, "parameters/layers.2.weight": {"_type": "histogram", "values": [3.0, 2.0, 2.0, 2.0, 5.0, 0.0, 2.0, 4.0, 3.0, 4.0, 6.0, 4.0, 1.0, 7.0, 3.0, 7.0, 0.0, 5.0, 6.0, 3.0, 4.0, 1.0, 4.0, 6.0, 5.0, 7.0, 0.0, 2.0, 15.0, 12.0, 8.0, 1.0, 4.0, 9.0, 16.0, 21.0, 29.0, 39.0, 57.0, 39.0, 51.0, 32.0, 28.0, 21.0, 12.0, 10.0, 2.0, 4.0, 2.0, 1.0, 0.0, 0.0, 0.0, 0.0, 0.0, 0.0, 0.0, 0.0, 0.0, 0.0, 0.0, 0.0, 0.0, 1.0], "bins": [-1.2476919889450073, -1.2048943042755127, -1.162096619606018, -1.1192988157272339, -1.0765011310577393, -1.0337034463882446, -0.99090576171875, -0.9481080174446106, -0.9053102731704712, -0.8625125885009766, -0.8197148442268372, -0.7769171595573425, -0.7341194152832031, -0.6913217306137085, -0.6485240459442139, -0.6057263016700745, -0.5629286170005798, -0.5201309323310852, -0.4773331880569458, -0.43453550338745117, -0.39173775911331177, -0.34894007444381714, -0.3061423599720001, -0.2633446455001831, -0.22054696083068848, -0.17774924635887146, -0.13495153188705444, -0.09215383231639862, -0.049356117844581604, -0.006558403372764587, 0.036239296197891235, 0.07903701066970825, 0.12183475494384766, 0.16463246941566467, 0.2074301838874817, 0.2502278685569763, 0.2930256128311157, 0.33582329750061035, 0.37862101197242737, 0.4214187264442444, 0.4642164707183838, 0.5070141553878784, 0.5498118996620178, 0.5926095843315125, 0.6354073286056519, 0.6782050132751465, 0.7210026979446411, 0.7638004422187805, 0.8065981268882751, 0.8493958115577698, 0.8921935558319092, 0.9349912405014038, 0.9777889847755432, 1.0205867290496826, 1.0633844137191772, 1.1061820983886719, 1.1489797830581665, 1.1917774677276611, 1.2345751523971558, 1.27737295627594, 1.3201706409454346, 1.3629683256149292, 1.4057660102844238, 1.448563814163208, 1.4913614988327026]}, "parameters/layers.2.bias": {"_type": "histogram", "values": [1.0, 0.0, 0.0, 0.0, 0.0, 0.0, 0.0, 0.0, 0.0, 0.0, 0.0, 0.0, 0.0, 0.0, 0.0, 0.0, 0.0, 0.0, 0.0, 0.0, 0.0, 0.0, 0.0, 0.0, 0.0, 0.0, 0.0, 0.0, 0.0, 0.0, 0.0, 0.0, 0.0, 0.0, 0.0, 0.0, 0.0, 0.0, 0.0, 0.0, 0.0, 0.0, 0.0, 0.0, 0.0, 0.0, 0.0, 0.0, 0.0, 0.0, 0.0, 0.0, 0.0, 0.0, 0.0, 0.0, 0.0, 0.0, 0.0, 0.0, 0.0, 0.0, 0.0, 1.0], "bins": [0.37986400723457336, 0.3823481500148773, 0.3848322927951813, 0.3873164653778076, 0.3898006081581116, 0.3922847509384155, 0.3947688937187195, 0.39725303649902344, 0.3997372090816498, 0.40222135186195374, 0.4047054946422577, 0.40718966722488403, 0.409673810005188, 0.41215795278549194, 0.4146420955657959, 0.41712623834609985, 0.4196103811264038, 0.42209452390670776, 0.4245786666870117, 0.42706283926963806, 0.429546982049942, 0.43203112483024597, 0.4345152676105499, 0.4369994103908539, 0.4394835829734802, 0.4419677257537842, 0.44445186853408813, 0.4469360411167145, 0.44942018389701843, 0.4519043266773224, 0.45438846945762634, 0.4568726122379303, 0.45935678482055664, 0.4618409276008606, 0.46432507038116455, 0.4668092429637909, 0.46929338574409485, 0.4717775285243988, 0.47426167130470276, 0.4767458140850067, 0.47922995686531067, 0.4817140996456146, 0.4841982424259186, 0.4866824150085449, 0.4891665577888489, 0.49165070056915283, 0.4941348433494568, 0.49661898612976074, 0.4991031587123871, 0.5015873312950134, 0.5040714740753174, 0.5065556168556213, 0.5090397596359253, 0.5115239024162292, 0.5140080451965332, 0.5164921879768372, 0.5189763307571411, 0.5214604735374451, 0.523944616317749, 0.526428759098053, 0.5289129018783569, 0.5313971042633057, 0.5338812470436096, 0.5363653898239136, 0.5388495326042175]}, "gradients/layers.2.bias": {"_type": "histogram", "values": [1.0, 0.0, 0.0, 0.0, 0.0, 0.0, 0.0, 0.0, 0.0, 0.0, 0.0, 0.0, 0.0, 0.0, 0.0, 0.0, 0.0, 0.0, 0.0, 0.0, 0.0, 0.0, 0.0, 0.0, 0.0, 0.0, 0.0, 0.0, 0.0, 0.0, 0.0, 0.0, 0.0, 0.0, 0.0, 0.0, 0.0, 0.0, 0.0, 0.0, 0.0, 0.0, 0.0, 0.0, 0.0, 0.0, 0.0, 0.0, 0.0, 0.0, 0.0, 0.0, 0.0, 0.0, 0.0, 0.0, 0.0, 0.0, 0.0, 0.0, 0.0, 0.0, 0.0, 1.0],