{"reward": 0.01, "_runtime": 31, "_timestamp": 1635290114, "_step": 2301, "parameters/layers.0.weight": {"_type": "histogram", "values": [29.0, 37.0, 21.0, 29.0, 16.0, 30.0, 20.0, 21.0, 24.0, 24.0, 21.0, 25.0, 26.0, 25.0, 32.0, 33.0, 23.0, 30.0, 28.0, 30.0, 25.0, 27.0, 34.0, 28.0, 26.0, 37.0, 29.0, 29.0, 23.0, 38.0, 30.0, 31.0, 28.0, 35.0, 26.0, 25.0, 26.0, 23.0, 32.0, 25.0, 28.0, 27.0, 34.0, 32.0, 27.0, 27.0, 27.0, 20.0, 25.0, 16.0, 11.0, 23.0, 22.0, 10.0, 13.0, 17.0, 21.0, 9.0, 13.0, 8.0, 9.0, 9.0, 5.0, 2.0], "bins": [-0.4077911674976349, -0.3948407471179962, -0.38189029693603516, -0.3689398765563965, -0.3559894561767578, -0.34303903579711914, -0.3300885856151581, -0.3171381652355194, -0.30418771505355835, -0.2912372946739197, -0.2782868444919586, -0.26533642411231995, -0.2523860037326813, -0.2394355684518814, -0.22648513317108154, -0.21353471279144287, -0.2005842924118042, -0.18763385713100433, -0.17468343675136566, -0.1617330014705658, -0.14878258109092712, -0.13583214581012726, -0.12288171052932739, -0.10993128269910812, -0.09698085486888885, -0.08403042703866959, -0.07107999920845032, -0.05812956392765045, -0.04517913609743118, -0.032228708267211914, -0.01927827298641205, -0.0063278451561927795, 0.006622612476348877, 0.019573042169213295, 0.03252347186207771, 0.04547390341758728, 0.05842433124780655, 0.07137475907802582, 0.08432519435882568, 0.09727562218904495, 0.11022605001926422, 0.12317647784948349, 0.13612690567970276, 0.14907734096050262, 0.1620277762413025, 0.17497819662094116, 0.18792863190174103, 0.2008790671825409, 0.21382948756217957, 0.22677992284297943, 0.2397303432226181, 0.25268077850341797, 0.26563119888305664, 0.2785816192626953, 0.29153206944465637, 0.30448248982429504, 0.3174329400062561, 0.3303833603858948, 0.34333381056785583, 0.3562842309474945, 0.3692346513271332, 0.38218510150909424, 0.3951355218887329, 0.4080859422683716, 0.42103636264801025]}, "parameters/layers.0.bias": {"_type": "histogram", "values": [2.0, 2.0, 5.0, 2.0, 7.0, 5.0, 5.0, 8.0, 4.0, 5.0, 6.0, 5.0, 8.0, 4.0, 2.0, 6.0, 6.0, 7.0, 5.0, 6.0, 5.0, 7.0, 4.0, 8.0, 4.0, 2.0, 5.0, 4.0, 3.0, 0.0, 4.0, 3.0, 2.0, 7.0, 5.0, 9.0, 5.0, 1.0, 2.0, 9.0, 3.0, 6.0, 4.0, 5.0, 1.0, 1.0, 8.0, 4.0, 6.0, 1.0, 2.0, 3.0, 0.0, 2.0, 5.0, 1.0, 3.0, 2.0, 2.0, 1.0, 1.0, 0.0, 1.0, 5.0], "bins": [-0.4043322205543518, -0.39358532428741455, -0.3828384280204773, -0.37209153175354004, -0.3613446354866028, -0.3505977392196655, -0.33985084295272827, -0.329103946685791, -0.31835705041885376, -0.3076101541519165, -0.29686325788497925, -0.286116361618042, -0.27536946535110474, -0.2646225690841675, -0.2538756728172302, -0.24312876164913177, -0.23238185048103333, -0.22163495421409607, -0.2108880579471588, -0.20014116168022156, -0.1893942654132843, -0.17864736914634705, -0.1679004579782486, -0.15715356171131134, -0.14640666544437408, -0.13565976917743683, -0.12491287291049957, -0.11416596919298172, -0.10341907292604446, -0.09267217665910721, -0.08192527294158936, -0.0711783766746521, -0.060431480407714844, -0.04968458414077759, -0.038937684148550034, -0.02819078415632248, -0.017443887889385223, -0.0066969916224479675, 0.004049912095069885, 0.014796808362007141, 0.025543704628944397, 0.03629060089588165, 0.04703750088810921, 0.05778440088033676, 0.06853129714727402, 0.07927819341421127, 0.09002509713172913, 0.10077199339866638, 0.11151888966560364, 0.1222657859325409, 0.13301268219947815, 0.1437595784664154, 0.15450647473335266, 0.16525337100028992, 0.17600028216838837, 0.18674717843532562, 0.19749407470226288, 0.20824097096920013, 0.2189878672361374, 0.22973477840423584, 0.2404816746711731, 0.25122857093811035, 0.2619754672050476, 0.27272236347198486, 0.2834692597389221]}, "parameters/layers.2.weight": {"_type": "histogram", "values": [1.0, 0.0, 3.0, 2.0, 2.0, 5.0, 2.0, 5.0, 2.0, 1.0, 3.0, 4.0, 3.0, 3.0, 3.0, 7.0, 5.0, 6.0, 7.0, 7.0, 6.0, 8.0, 10.0, 10.0, 28.0, 116.0, 71.0, 32.0, 17.0, 17.0, 19.0, 10.0, 11.0, 14.0, 7.0, 8.0, 8.0, 4.0, 5.0, 4.0, 4.0, 2.0, 6.0, 5.0, 6.0, 4.0, 4.0, 2.0, 2.0, 0.0, 0.0, 0.0, 0.0, 0.0, 0.0, 0.0, 0.0, 0.0, 0.0, 0.0, 0.0, 0.0, 0.0, 1.0], "bins": [-0.06778788566589355, -0.06514453142881393, -0.06250118464231491, -0.05985783040523529, -0.05721448361873627, -0.05457112938165665, -0.051927778869867325, -0.049284428358078, -0.04664107784628868, -0.04399772733449936, -0.04135437682271004, -0.038711026310920715, -0.036067672073841095, -0.03342432528734207, -0.03078097105026245, -0.02813762053847313, -0.025494270026683807, -0.022850919514894485, -0.020207569003105164, -0.017564216628670692, -0.01492086611688137, -0.012277515605092049, -0.009634163230657578, -0.006990812718868256, -0.004347462207078934, -0.0017041112296283245, 0.0009392397478222847, 0.003582591190934181, 0.006225941702723503, 0.008869292214512825, 0.011512644588947296, 0.014155995100736618, 0.01679934561252594, 0.019442696124315262, 0.022086046636104584, 0.024729399010539055, 0.027372749522328377, 0.0300161000341177, 0.03265945240855217, 0.03530280292034149, 0.037946153432130814, 0.040589503943920135, 0.04323285445570946, 0.04587620496749878, 0.0485195592045784, 0.05116290599107742, 0.05380626022815704, 0.056449610739946365, 0.05909296125173569, 0.06173631176352501, 0.06437966227531433, 0.06702301651239395, 0.06966636329889297, 0.0723097175359726, 0.07495306432247162, 0.07759641855955124, 0.08023977279663086, 0.08288312703371048, 0.0855264738202095, 0.08816982805728912, 0.09081317484378815, 0.09345652908086777, 0.09609988331794739, 0.09874323010444641, 0.10138657689094543]}, "parameters/layers.2.bias": {"_type": "histogram", "values": [1.0, 0.0, 0.0, 0.0, 0.0, 0.0, 0.0, 0.0, 0.0, 0.0, 0.0, 0.0, 0.0, 0.0, 0.0, 0.0, 0.0, 0.0, 0.0, 0.0, 0.0, 0.0, 0.0, 0.0, 0.0, 0.0, 0.0, 0.0, 0.0, 0.0, 0.0, 0.0, 0.0, 0.0, 0.0, 0.0, 0.0, 0.0, 0.0, 0.0, 0.0, 0.0, 0.0, 0.0, 0.0, 0.0, 0.0, 0.0, 0.0, 0.0, 0.0, 0.0, 0.0, 0.0, 0.0, 0.0, 0.0, 0.0, 0.0, 0.0, 0.0, 0.0, 0.0, 1.0], "bins": [0.009130921214818954, 0.00935455597937107, 0.009578190743923187, 0.009801826439797878, 0.010025461204349995, 0.010249095968902111, 0.010472730733454227, 0.010696365498006344, 0.010920001193881035, 0.011143635958433151, 0.011367270722985268, 0.011590906418859959, 0.011814541183412075, 0.012038175947964191, 0.012261810712516308, 0.012485445477068424, 0.01270908024162054, 0.012932715006172657, 0.013156349770724773, 0.013379985466599464, 0.01360362023115158, 0.013827254995703697, 0.014050889760255814, 0.01427452452480793, 0.014498159289360046, 0.014721794053912163, 0.01494542881846428, 0.01516906451433897, 0.015392699278891087, 0.015616334043443203, 0.015839969739317894, 0.01606360450387001, 0.016287239268422127, 0.016510874032974243, 0.01673450879752636, 0.016958143562078476, 0.017181778326630592, 0.01740541309118271, 0.017629049718379974, 0.01785268448293209, 0.018076319247484207, 0.018299954012036324, 0.01852358877658844, 0.018747223541140556, 0.018970858305692673, 0.01919449493288994, 0.019418129697442055, 0.01964176446199417, 0.01986539736390114, 0.020089032128453255, 0.02031266689300537, 0.020536301657557487, 0.020759936422109604, 0.02098357304930687, 0.021207207813858986, 0.021430842578411102, 0.02165447734296322, 0.021878112107515335, 0.02210174687206745, 0.022325381636619568, 0.022549016401171684, 0.0227726511657238, 0.022996287792921066, 0.023219922557473183, 0.0234435573220253]}, "gradients/layers.2.bias": {"_type": "histogram", "values": [1.0, 0.0, 0.0, 0.0, 0.0, 0.0, 0.0, 0.0, 0.0, 0.0, 0.0, 0.0, 0.0, 0.0, 0.0, 0.0, 0.0, 0.0, 0.0, 0.0, 0.0, 0.0, 0.0, 0.0, 0.0, 0.0, 0.0, 0.0, 0.0, 0.0, 0.0, 0.0, 0.0, 0.0, 0.0, 0.0, 0.0, 0.0, 0.0, 0.0, 0.0, 0.0, 0.0, 0.0, 0.0, 0.0, 0.0, 0.0, 0.0, 0.0, 0.0, 0.0, 0.0, 0.0, 0.0, 0.0, 0.0, 0.0, 0.0, 0.0, 0.0, 0.0, 0.0, 1.0],