{"reward": 200.0, "parameters/layers.0.weight": {"_type": "histogram", "values": [3.0, 2.0, 0.0, 1.0, 2.0, 2.0, 0.0, 1.0, 5.0, 2.0, 0.0, 2.0, 1.0, 4.0, 3.0, 5.0, 5.0, 7.0, 2.0, 3.0, 5.0, 3.0, 6.0, 5.0, 4.0, 10.0, 12.0, 14.0, 17.0, 28.0, 41.0, 51.0, 71.0, 68.0, 61.0, 78.0, 74.0, 58.0, 63.0, 66.0, 53.0, 34.0, 25.0, 16.0, 17.0, 9.0, 10.0, 13.0, 9.0, 9.0, 5.0, 3.0, 7.0, 4.0, 5.0, 6.0, 0.0, 1.0, 2.0, 5.0, 3.0, 0.0, 1.0, 2.0], "bins": [-2.611727237701416, -2.535202741622925, -2.4586780071258545, -2.3821535110473633, -2.305629014968872, -2.229104518890381, -2.1525797843933105, -2.0760552883148193, -1.9995307922363281, -1.9230061769485474, -1.8464816808700562, -1.7699570655822754, -1.6934325695037842, -1.6169079542160034, -1.5403833389282227, -1.4638588428497314, -1.3873342275619507, -1.31080961227417, -1.2342851161956787, -1.157760500907898, -1.0812360048294067, -1.004711389541626, -0.92818683385849, -0.851662278175354, -0.775137722492218, -0.698613166809082, -0.622088611125946, -0.5455640554428101, -0.4690394699573517, -0.3925149142742157, -0.3159903287887573, -0.23946577310562134, -0.16294121742248535, -0.08641665428876877, -0.009892091155052185, 0.066632479429245, 0.14315703511238098, 0.21968159079551697, 0.29620617628097534, 0.37273073196411133, 0.4492552876472473, 0.5257798433303833, 0.6023043990135193, 0.6788289546966553, 0.755353569984436, 0.8318780660629272, 0.908402681350708, 0.984927237033844, 1.06145179271698, 1.1379764080047607, 1.214500904083252, 1.2910255193710327, 1.367550015449524, 1.4440746307373047, 1.520599126815796, 1.5971237421035767, 1.6736483573913574, 1.7501729726791382, 1.8266974687576294, 1.9032220840454102, 1.9797465801239014, 2.0562710762023926, 2.132795810699463, 2.209320306777954, 2.2858448028564453]}, "parameters/layers.0.bias": {"_type": "histogram", "values": [1.0, 1.0, 1.0, 2.0, 5.0, 3.0, 6.0, 5.0, 5.0, 5.0, 9.0, 5.0, 1.0, 3.0, 1.0, 4.0, 2.0, 0.0, 0.0, 2.0, 2.0, 4.0, 3.0, 0.0, 4.0, 2.0, 7.0, 3.0, 1.0, 1.0, 1.0, 0.0, 0.0, 0.0, 0.0, 0.0, 0.0, 0.0, 1.0, 1.0, 2.0, 1.0, 4.0, 10.0, 5.0, 9.0, 13.0, 13.0, 6.0, 12.0, 11.0, 6.0, 8.0, 7.0, 7.0, 5.0, 8.0, 7.0, 6.0, 5.0, 6.0, 7.0, 2.0, 5.0], "bins": [-0.5050716996192932, -0.476876437664032, -0.44868120551109314, -0.4204859733581543, -0.39229071140289307, -0.36409544944763184, -0.335900217294693, -0.30770498514175415, -0.2795097231864929, -0.2513144612312317, -0.22311922907829285, -0.1949239820241928, -0.16672873497009277, -0.13853348791599274, -0.1103382408618927, -0.08214299380779266, -0.05394774675369263, -0.02575249969959259, 0.0024427473545074463, 0.030637994408607483, 0.05883324146270752, 0.08702848851680756, 0.11522373557090759, 0.14341898262500763, 0.17161422967910767, 0.1998094767332077, 0.22800472378730774, 0.2561999559402466, 0.2843952178955078, 0.31259047985076904, 0.3407857120037079, 0.36898094415664673, 0.39717626571655273, 0.42537152767181396, 0.4535667598247528, 0.48176199197769165, 0.5099572539329529, 0.5381525158882141, 0.5663477182388306, 0.5945429801940918, 0.622738242149353, 0.6509335041046143, 0.6791287660598755, 0.7073239684104919, 0.7355192303657532, 0.7637144923210144, 0.7919096946716309, 0.8201049566268921, 0.8483002185821533, 0.8764954805374146, 0.9046907424926758, 0.9328859448432922, 0.9610812067985535, 0.9892764687538147, 1.0174716711044312, 1.0456669330596924, 1.0738621950149536, 1.1020574569702148, 1.130252718925476, 1.1584479808807373, 1.186643123626709, 1.2148383855819702, 1.2430336475372314, 1.2712289094924927, 1.299424171447754]}, "parameters/layers.2.weight": {"_type": "histogram", "values": [1.0, 2.0, 1.0, 1.0, 0.0, 1.0, 1.0, 0.0, 0.0, 2.0, 4.0, 2.0, 1.0, 3.0, 5.0, 5.0, 4.0, 5.0, 15.0, 6.0, 8.0, 4.0, 7.0, 2.0, 8.0, 6.0, 3.0, 4.0, 4.0, 4.0, 2.0, 5.0, 2.0, 0.0, 3.0, 1.0, 3.0, 2.0, 2.0, 17.0, 18.0, 9.0, 1.0, 0.0, 5.0, 6.0, 8.0, 19.0, 32.0, 18.0, 42.0, 43.0, 50.0, 31.0, 35.0, 17.0, 15.0, 6.0, 4.0, 2.0, 3.0, 1.0, 0.0, 1.0], "bins": [-1.812143325805664, -1.7672313451766968, -1.722319483757019, -1.6774075031280518, -1.632495641708374, -1.5875836610794067, -1.5426716804504395, -1.4977598190307617, -1.4528478384017944, -1.4079358577728271, -1.3630239963531494, -1.3181120157241821, -1.2732001543045044, -1.228288173675537, -1.1833763122558594, -1.138464331626892, -1.0935523509979248, -1.0486403703689575, -1.0037285089492798, -0.9588165283203125, -0.91390460729599, -0.8689926862716675, -0.824080765247345, -0.7791688442230225, -0.7342569828033447, -0.6893450617790222, -0.6444331407546997, -0.5995211601257324, -0.5546092391014099, -0.5096973180770874, -0.4647853970527649, -0.41987344622612, -0.3749614953994751, -0.3300495743751526, -0.2851376235485077, -0.24022570252418518, -0.19531376659870148, -0.15040183067321777, -0.10548990964889526, -0.060577958822250366, -0.015666037797927856, 0.02924589440226555, 0.07415782660245895, 0.11906975507736206, 0.16398169100284576, 0.20889362692832947, 0.253805547952652, 0.2987174987792969, 0.3436294198036194, 0.3885413408279419, 0.4334532916545868, 0.4783652126789093, 0.5232771635055542, 0.5681890845298767, 0.6131010055541992, 0.6580129861831665, 0.7029248476028442, 0.7478367686271667, 0.7927486896514893, 0.8376606702804565, 0.882572591304779, 0.9274845123291016, 0.9723964333534241, 1.0173083543777466, 1.0622203350067139]}, "parameters/layers.2.bias": {"_type": "histogram", "values": [1.0, 0.0, 0.0, 0.0, 0.0, 0.0, 0.0, 0.0, 0.0, 0.0, 0.0, 0.0, 0.0, 0.0, 0.0, 0.0, 0.0, 0.0, 0.0, 0.0, 0.0, 0.0, 0.0, 0.0, 0.0, 0.0, 0.0, 0.0, 0.0, 0.0, 0.0, 0.0, 0.0, 0.0, 0.0, 0.0, 0.0, 0.0, 0.0, 0.0, 0.0, 0.0, 0.0, 0.0, 0.0, 0.0, 0.0, 0.0, 0.0, 0.0, 0.0, 0.0, 0.0, 0.0, 0.0, 0.0, 0.0, 0.0, 0.0, 0.0, 0.0, 0.0, 0.0, 1.0], "bins": [0.452637642621994, 0.4534861147403717, 0.454334557056427, 0.4551830291748047, 0.4560315012931824, 0.45687997341156006, 0.45772841572761536, 0.45857688784599304, 0.4594253599643707, 0.4602738320827484, 0.4611222743988037, 0.4619707465171814, 0.4628192186355591, 0.46366769075393677, 0.46451613306999207, 0.46536460518836975, 0.46621304750442505, 0.46706151962280273, 0.46790996193885803, 0.4687584340572357, 0.4696069061756134, 0.4704553782939911, 0.4713038206100464, 0.4721522927284241, 0.47300076484680176, 0.47384923696517944, 0.47469767928123474, 0.4755461513996124, 0.4763946235179901, 0.4772430956363678, 0.4780915379524231, 0.4789400100708008, 0.47978848218917847, 0.48063695430755615, 0.48148539662361145, 0.48233386874198914, 0.4831823408603668, 0.4840308129787445, 0.4848792552947998, 0.4857277274131775, 0.4865761697292328, 0.4874246418476105, 0.48827308416366577, 0.48912155628204346, 0.48997002840042114, 0.49081850051879883, 0.4916669428348541, 0.4925154149532318, 0.4933638870716095, 0.4942123591899872, 0.4950608015060425, 0.49590927362442017, 0.49675774574279785, 0.49760621786117554, 0.49845466017723083, 0.4993031322956085, 0.5001515746116638, 0.5010000467300415, 0.5018485188484192, 0.5026969909667969, 0.5035454034805298, 0.5043938755989075, 0.5052423477172852, 0.5060908198356628, 0.5069392919540405]}, "gradients/layers.2.bias": {"_type": "histogram", "values": [1.0, 0.0, 0.0, 0.0, 0.0, 0.0, 0.0, 0.0, 0.0, 0.0, 0.0, 0.0, 0.0, 0.0, 0.0, 0.0, 0.0, 0.0, 0.0, 0.0, 0.0, 0.0, 0.0, 0.0, 0.0, 0.0, 0.0, 0.0, 0.0, 0.0, 0.0, 0.0, 0.0, 0.0, 0.0, 0.0, 0.0, 0.0, 0.0, 0.0, 0.0, 0.0, 0.0, 0.0, 0.0, 0.0, 0.0, 0.0, 0.0, 0.0, 0.0, 0.0, 0.0, 0.0, 0.0, 0.0, 0.0, 0.0, 0.0, 0.0, 0.0, 0.0, 0.0, 1.0],