{"reward": 9.0, "_runtime": 21, "_timestamp": 1634766529, "_step": 209, "parameters/layers.0.weight": {"_type": "histogram", "values": [3.0, 0.0, 3.0, 0.0, 3.0, 3.0, 3.0, 4.0, 0.0, 3.0, 3.0, 6.0, 8.0, 5.0, 7.0, 12.0, 5.0, 5.0, 11.0, 4.0, 7.0, 10.0, 3.0, 9.0, 7.0, 6.0, 12.0, 29.0, 41.0, 49.0, 41.0, 50.0, 51.0, 61.0, 50.0, 58.0, 56.0, 61.0, 52.0, 53.0, 44.0, 36.0, 25.0, 21.0, 18.0, 15.0, 13.0, 9.0, 13.0, 11.0, 3.0, 6.0, 1.0, 4.0, 0.0, 1.0, 0.0, 0.0, 1.0, 1.0, 1.0, 2.0, 3.0, 2.0], "bins": [-2.242917776107788, -2.1774230003356934, -2.1119279861450195, -2.046433210372925, -1.98093843460083, -1.9154435396194458, -1.8499486446380615, -1.7844538688659668, -1.718959093093872, -1.6534641981124878, -1.587969422340393, -1.5224745273590088, -1.456979751586914, -1.3914848566055298, -1.3259899616241455, -1.2604951858520508, -1.1950002908706665, -1.1295053958892822, -1.0640106201171875, -0.9985157251358032, -0.9330209493637085, -0.8675260543823242, -0.8020312190055847, -0.7365363836288452, -0.6710414886474609, -0.6055466532707214, -0.5400518178939819, -0.47455695271492004, -0.40906211733818054, -0.34356728196144104, -0.27807241678237915, -0.21257758140563965, -0.14708280563354492, -0.08158796280622482, -0.016093119978904724, 0.04940173029899597, 0.11489656567573547, 0.18039140105247498, 0.24588626623153687, 0.31138110160827637, 0.3768758773803711, 0.4423707127571106, 0.5078655481338501, 0.5733604431152344, 0.6388552188873291, 0.7043501138687134, 0.7698449492454529, 0.8353397846221924, 0.9008346796035767, 0.9663295149803162, 1.0318243503570557, 1.09731924533844, 1.1628140211105347, 1.228308916091919, 1.2938036918640137, 1.359298586845398, 1.4247934818267822, 1.4902883768081665, 1.5557831525802612, 1.6212780475616455, 1.6867728233337402, 1.7522677183151245, 1.8177626132965088, 1.8832573890686035, 1.9487521648406982]}, "parameters/layers.0.bias": {"_type": "histogram", "values": [2.0, 4.0, 3.0, 2.0, 0.0, 2.0, 1.0, 0.0, 1.0, 1.0, 2.0, 3.0, 6.0, 8.0, 7.0, 4.0, 3.0, 7.0, 2.0, 1.0, 3.0, 3.0, 1.0, 1.0, 1.0, 2.0, 2.0, 0.0, 0.0, 0.0, 0.0, 2.0, 1.0, 0.0, 0.0, 1.0, 2.0, 2.0, 3.0, 3.0, 0.0, 2.0, 4.0, 4.0, 6.0, 10.0, 13.0, 9.0, 12.0, 12.0, 7.0, 7.0, 9.0, 13.0, 6.0, 6.0, 17.0, 10.0, 9.0, 9.0, 3.0, 1.0, 0.0, 1.0], "bins": [-0.524225652217865, -0.4957526922225952, -0.46727970242500305, -0.4388067126274109, -0.4103337526321411, -0.38186079263687134, -0.3533878028392792, -0.324914813041687, -0.29644185304641724, -0.26796889305114746, -0.2394959032535553, -0.21102292835712433, -0.18254995346069336, -0.1540769785642624, -0.12560400366783142, -0.09713102877140045, -0.06865805387496948, -0.04018507897853851, -0.011712104082107544, 0.016760870814323425, 0.045233845710754395, 0.07370682060718536, 0.10217979550361633, 0.1306527704000473, 0.15912574529647827, 0.18759872019290924, 0.2160716950893402, 0.24454466998577118, 0.27301764488220215, 0.3014906048774719, 0.3299635946750641, 0.35843658447265625, 0.3869096040725708, 0.4153825640678406, 0.44385555386543274, 0.4723285436630249, 0.5008015036582947, 0.5292744636535645, 0.557747483253479, 0.5862204432487488, 0.6146934032440186, 0.6431663632392883, 0.6716393232345581, 0.7001123428344727, 0.7285853028297424, 0.7570582628250122, 0.7855312824249268, 0.8140042424201965, 0.8424772024154663, 0.8709501624107361, 0.8994231224060059, 0.9278961420059204, 0.9563691020011902, 0.98484206199646, 1.0133150815963745, 1.0417879819869995, 1.070261001586914, 1.0987340211868286, 1.1272069215774536, 1.1556799411773682, 1.1841528415679932, 1.2126258611679077, 1.2410988807678223, 1.2695717811584473, 1.2980448007583618]}, "parameters/layers.2.weight": {"_type": "histogram", "values": [1.0, 0.0, 0.0, 2.0, 0.0, 5.0, 7.0, 5.0, 17.0, 8.0, 11.0, 9.0, 8.0, 9.0, 6.0, 3.0, 8.0, 5.0, 5.0, 2.0, 3.0, 8.0, 18.0, 12.0, 18.0, 24.0, 27.0, 46.0, 49.0, 50.0, 59.0, 43.0, 25.0, 10.0, 5.0, 3.0, 0.0, 0.0, 0.0, 0.0, 0.0, 0.0, 0.0, 0.0, 0.0, 0.0, 0.0, 0.0, 0.0, 0.0, 0.0, 0.0, 0.0, 0.0, 0.0, 0.0, 0.0, 0.0, 0.0, 0.0, 0.0, 0.0, 0.0, 1.0], "bins": [-1.5624110698699951, -1.4927746057510376, -1.42313814163208, -1.353501796722412, -1.2838653326034546, -1.214228868484497, -1.144592523574829, -1.0749560594558716, -1.005319595336914, -0.9356831312179565, -0.8660467267036438, -0.796410322189331, -0.7267738580703735, -0.657137393951416, -0.5875009894371033, -0.5178645849227905, -0.448228120803833, -0.3785916864871979, -0.30895525217056274, -0.2393188178539276, -0.16968238353729248, -0.10004594922065735, -0.030409514904022217, 0.039226919412612915, 0.10886335372924805, 0.17849978804588318, 0.2481362223625183, 0.31777265667915344, 0.3874090909957886, 0.4570455253124237, 0.5266819596290588, 0.5963183641433716, 0.66595458984375, 0.7355910539627075, 0.8052274584770203, 0.874863862991333, 0.9445003271102905, 1.014136791229248, 1.083773136138916, 1.1534096002578735, 1.223046064376831, 1.2926825284957886, 1.362318992614746, 1.431955337524414, 1.5015918016433716, 1.571228265762329, 1.640864610671997, 1.7105010747909546, 1.780137538909912, 1.8497740030288696, 1.9194104671478271, 1.9890468120574951, 2.058683395385742, 2.12831974029541, 2.197956085205078, 2.267592668533325, 2.337229013442993, 2.406865358352661, 2.476501941680908, 2.546138286590576, 2.615774631500244, 2.685411214828491, 2.755047559738159, 2.8246841430664062, 2.894320487976074]}, "parameters/layers.2.bias": {"_type": "histogram", "values": [1.0, 0.0, 0.0, 0.0, 0.0, 0.0, 0.0, 0.0, 0.0, 0.0, 0.0, 0.0, 0.0, 0.0, 0.0, 0.0, 0.0, 0.0, 0.0, 0.0, 0.0, 0.0, 0.0, 0.0, 0.0, 0.0, 0.0, 0.0, 0.0, 0.0, 0.0, 0.0, 0.0, 0.0, 0.0, 0.0, 0.0, 0.0, 0.0, 0.0, 0.0, 0.0, 0.0, 0.0, 0.0, 0.0, 0.0, 0.0, 0.0, 0.0, 0.0, 0.0, 0.0, 0.0, 0.0, 0.0, 0.0, 0.0, 0.0, 0.0, 0.0, 0.0, 0.0, 1.0], "bins": [0.45310157537460327, 0.45397359132766724, 0.4548456072807312, 0.4557175934314728, 0.45658960938453674, 0.4574616253376007, 0.4583336412906647, 0.45920565724372864, 0.4600776433944702, 0.4609496593475342, 0.46182167530059814, 0.4626936614513397, 0.4635656774044037, 0.46443769335746765, 0.4653097093105316, 0.4661817252635956, 0.46705374121665955, 0.4679257571697235, 0.4687977731227875, 0.46966975927352905, 0.470541775226593, 0.471413791179657, 0.47228580713272095, 0.4731578230857849, 0.4740298390388489, 0.47490185499191284, 0.4757738709449768, 0.4766458570957184, 0.47751787304878235, 0.4783898890018463, 0.4792619049549103, 0.48013392090797424, 0.4810059070587158, 0.4818779230117798, 0.48274993896484375, 0.4836219251155853, 0.4844939410686493, 0.48536595702171326, 0.4862379729747772, 0.4871099889278412, 0.48798197507858276, 0.48885399103164673, 0.4897260069847107, 0.49059799313545227, 0.49147000908851624, 0.4923420250415802, 0.49321404099464417, 0.49408605694770813, 0.4949580729007721, 0.49583008885383606, 0.4967021048069, 0.4975740909576416, 0.49844610691070557, 0.49931812286376953, 0.5001901388168335, 0.5010621547698975, 0.5019341707229614, 0.5028061866760254, 0.5036782026290894, 0.5045502185821533, 0.5054222345352173, 0.5062942504882812, 0.5071662068367004, 0.5080382227897644, 0.5089102387428284]}, "gradients/layers.2.bias": {"_type": "histogram", "values": [1.0, 0.0, 0.0, 0.0, 0.0, 0.0, 0.0, 0.0, 0.0, 0.0, 0.0, 0.0, 0.0, 0.0, 0.0, 0.0, 0.0, 0.0, 0.0, 0.0, 0.0, 0.0, 0.0, 0.0, 0.0, 0.0, 0.0, 0.0, 0.0, 0.0, 0.0, 0.0, 0.0, 0.0, 0.0, 0.0, 0.0, 0.0, 0.0, 0.0, 0.0, 0.0, 0.0, 0.0, 0.0, 0.0, 0.0, 0.0, 0.0, 0.0, 0.0, 0.0, 0.0, 0.0, 0.0, 0.0, 0.0, 0.0, 0.0, 0.0, 0.0, 0.0, 0.0, 1.0],