{"reward": 0.01, "_runtime": 8, "_timestamp": 1635289893, "_step": 403, "loss": 1.3113832473754883, "parameters/layers.0.weight": {"_type": "histogram", "values": [1.0, 1.0, 2.0, 0.0, 4.0, 6.0, 5.0, 7.0, 12.0, 20.0, 31.0, 42.0, 61.0, 73.0, 60.0, 57.0, 60.0, 64.0, 73.0, 70.0, 70.0, 61.0, 60.0, 69.0, 58.0, 76.0, 84.0, 76.0, 75.0, 77.0, 53.0, 71.0, 57.0, 78.0, 65.0, 77.0, 66.0, 77.0, 81.0, 76.0, 69.0, 76.0, 66.0, 69.0, 73.0, 76.0, 69.0, 76.0, 59.0, 47.0, 75.0, 55.0, 45.0, 43.0, 30.0, 23.0, 17.0, 23.0, 12.0, 1.0, 8.0, 2.0, 0.0, 2.0], "bins": [-0.45083311200141907, -0.4366665780544281, -0.42250004410743713, -0.40833351016044617, -0.3941670060157776, -0.3800004720687866, -0.36583393812179565, -0.3516674041748047, -0.3375008702278137, -0.32333433628082275, -0.3091678023338318, -0.2950012683868408, -0.28083473443984985, -0.2666682004928589, -0.2525016963481903, -0.23833516240119934, -0.22416862845420837, -0.2100020945072174, -0.19583556056022644, -0.18166904151439667, -0.1675025075674057, -0.15333597362041473, -0.13916945457458496, -0.125002920627594, -0.11083638668060303, -0.09666985273361206, -0.08250332623720169, -0.06833679974079132, -0.054170265793800354, -0.04000373184680939, -0.025837205350399017, -0.011670678853988647, 0.0024958550930023193, 0.016662385314702988, 0.030828915536403656, 0.044995445758104324, 0.05916197597980499, 0.07332850992679596, 0.08749503642320633, 0.1016615629196167, 0.11582809686660767, 0.12999463081359863, 0.1441611647605896, 0.15832768380641937, 0.17249421775341034, 0.1866607517004013, 0.20082727074623108, 0.21499380469322205, 0.229160338640213, 0.24332687258720398, 0.25749340653419495, 0.2716599404811859, 0.2858264446258545, 0.29999297857284546, 0.3141595125198364, 0.3283260464668274, 0.34249258041381836, 0.3566591143608093, 0.3708256483078003, 0.38499218225479126, 0.3991587162017822, 0.4133252501487732, 0.4274917542934418, 0.44165828824043274, 0.4558248221874237]}, "parameters/layers.0.bias": {"_type": "histogram", "values": [4.0, 2.0, 2.0, 3.0, 2.0, 2.0, 2.0, 4.0, 2.0, 8.0, 1.0, 7.0, 2.0, 4.0, 11.0, 1.0, 8.0, 5.0, 3.0, 5.0, 4.0, 4.0, 3.0, 10.0, 1.0, 6.0, 4.0, 5.0, 6.0, 4.0, 7.0, 4.0, 5.0, 2.0, 3.0, 7.0, 2.0, 2.0, 3.0, 5.0, 5.0, 6.0, 4.0, 3.0, 4.0, 4.0, 3.0, 3.0, 0.0, 8.0, 8.0, 5.0, 7.0, 7.0, 2.0, 3.0, 3.0, 4.0, 1.0, 5.0, 2.0, 3.0, 0.0, 1.0], "bins": [-0.29666489362716675, -0.2867070138454437, -0.2767491340637207, -0.2667912542819977, -0.25683337450027466, -0.24687547981739044, -0.23691758513450623, -0.2269597053527832, -0.21700182557106018, -0.20704394578933716, -0.19708606600761414, -0.18712817132472992, -0.1771702915430069, -0.16721241176128387, -0.15725451707839966, -0.14729663729667664, -0.1373387575149536, -0.1273808777332306, -0.11742299050092697, -0.10746510326862335, -0.09750722348690033, -0.08754934370517731, -0.07759145647287369, -0.06763356924057007, -0.057675689458847046, -0.047717805951833725, -0.037759922444820404, -0.027802038937807083, -0.017844155430793762, -0.007886271923780441, 0.0020716115832328796, 0.012029498815536499, 0.021987348794937134, 0.031945232301950455, 0.041903115808963776, 0.0518609993159771, 0.06181888282299042, 0.07177676260471344, 0.08173464983701706, 0.09169253706932068, 0.1016504168510437, 0.11160829663276672, 0.12156618386507034, 0.13152407109737396, 0.14148195087909698, 0.15143983066082, 0.16139772534370422, 0.17135560512542725, 0.18131348490715027, 0.1912713646888733, 0.2012292444705963, 0.21118713915348053, 0.22114501893520355, 0.23110289871692657, 0.2410607933998108, 0.2510186731815338, 0.26097655296325684, 0.27093443274497986, 0.2808923125267029, 0.2908501923084259, 0.3008080720901489, 0.31076598167419434, 0.32072386145591736, 0.3306817412376404, 0.3406396210193634]}, "parameters/layers.2.weight": {"_type": "histogram", "values": [1.0, 0.0, 0.0, 0.0, 0.0, 0.0, 1.0, 2.0, 0.0, 0.0, 1.0, 0.0, 0.0, 1.0, 2.0, 0.0, 6.0, 0.0, 4.0, 3.0, 1.0, 1.0, 4.0, 9.0, 5.0, 12.0, 10.0, 20.0, 21.0, 24.0, 25.0, 26.0, 27.0, 31.0, 36.0, 23.0, 39.0, 37.0, 18.0, 28.0, 17.0, 14.0, 10.0, 11.0, 4.0, 6.0, 6.0, 5.0, 5.0, 1.0, 1.0, 2.0, 4.0, 4.0, 1.0, 0.0, 1.0, 1.0, 0.0, 0.0, 0.0, 0.0, 0.0, 1.0], "bins": [-0.340811550617218, -0.329836905002594, -0.3188622295856476, -0.30788758397102356, -0.29691293835639954, -0.2859382629394531, -0.2749636173248291, -0.2639889717102051, -0.25301429629325867, -0.24203963577747345, -0.23106499016284943, -0.2200903296470642, -0.209115669131279, -0.19814100861549377, -0.18716636300086975, -0.17619170248508453, -0.1652170568704605, -0.1542423963546753, -0.14326775074005127, -0.13229309022426605, -0.12131842970848083, -0.11034377664327621, -0.0993691235780716, -0.08839446306228638, -0.07741980999708176, -0.06644515693187714, -0.05547049641609192, -0.0444958433508873, -0.03352118656039238, -0.02254652976989746, -0.01157187670469284, -0.0005972161889076233, 0.010377436876296997, 0.021352093666791916, 0.032326750457286835, 0.043301403522491455, 0.054276060312986374, 0.06525071710348129, 0.07622537016868591, 0.08720003068447113, 0.09817468374967575, 0.10914933681488037, 0.12012399733066559, 0.1310986578464508, 0.14207330346107483, 0.15304796397686005, 0.16402262449264526, 0.1749972701072693, 0.1859719306230545, 0.19694659113883972, 0.20792123675346375, 0.21889589726924896, 0.22987055778503418, 0.2408452033996582, 0.2518198490142822, 0.26279452443122864, 0.27376917004585266, 0.2847438156604767, 0.2957184910774231, 0.3066931366920471, 0.31766778230667114, 0.32864245772361755, 0.3396171033382416, 0.350591778755188, 0.361566424369812]}, "parameters/layers.2.bias": {"_type": "histogram", "values": [1.0, 0.0, 0.0, 0.0, 0.0, 0.0, 0.0, 0.0, 0.0, 0.0, 0.0, 0.0, 0.0, 0.0, 0.0, 0.0, 0.0, 0.0, 0.0, 0.0, 0.0, 0.0, 0.0, 0.0, 0.0, 0.0, 0.0, 0.0, 0.0, 0.0, 0.0, 0.0, 0.0, 0.0, 0.0, 0.0, 0.0, 0.0, 0.0, 0.0, 0.0, 0.0, 0.0, 0.0, 0.0, 0.0, 0.0, 0.0, 0.0, 0.0, 0.0, 0.0, 0.0, 0.0, 0.0, 0.0, 0.0, 0.0, 0.0, 0.0, 0.0, 0.0, 0.0, 1.0], "bins": [-0.002704590791836381, -0.0013814218109473586, -5.825283005833626e-05, 0.0012649160344153643, 0.0025880851317197084, 0.003911253996193409, 0.005234423093497753, 0.006557592190802097, 0.007880761288106441, 0.009203930385410786, 0.01052709948271513, 0.0118502676486969, 0.013173436746001244, 0.014496605843305588, 0.015819774940609932, 0.017142944037914276, 0.01846611313521862, 0.019789282232522964, 0.02111245132982731, 0.022435620427131653, 0.023758789524435997, 0.02508195862174034, 0.026405125856399536, 0.02772829681634903, 0.029051464051008224, 0.03037463314831257, 0.03169780224561691, 0.03302096948027611, 0.0343441404402256, 0.035667307674884796, 0.03699047863483429, 0.038313645869493484, 0.03963681682944298, 0.04095998406410217, 0.042283155024051666, 0.04360632225871086, 0.044929493218660355, 0.04625266045331955, 0.04757583141326904, 0.04889899864792824, 0.05022216960787773, 0.051545336842536926, 0.05286850780248642, 0.054191675037145615, 0.05551484599709511, 0.0568380132317543, 0.058161184191703796, 0.05948435142636299, 0.060807518661022186, 0.06213068589568138, 0.06345385313034058, 0.06477702409029007, 0.06610019505023956, 0.06742336601018906, 0.06874652951955795, 0.07006970047950745, 0.07139287143945694, 0.07271604239940643, 0.07403920590877533, 0.07536237686872482, 0.07668554782867432, 0.07800871878862381, 0.0793318822979927, 0.0806550532579422, 0.0819782242178917]}, "gradients/layers.2.bias": {"_type": "histogram", "values": [1.0, 0.0, 0.0, 0.0, 0.0, 0.0, 0.0, 0.0, 0.0, 0.0, 0.0, 0.0, 0.0, 0.0, 0.0, 0.0, 0.0, 0.0, 0.0, 0.0, 0.0, 0.0, 0.0, 0.0, 0.0, 0.0, 0.0, 0.0, 0.0, 0.0, 0.0, 0.0, 0.0, 0.0, 0.0, 0.0, 0.0, 0.0, 0.0, 0.0, 0.0, 0.0, 0.0, 0.0, 0.0, 0.0, 0.0, 0.0, 0.0, 0.0, 0.0, 0.0, 0.0, 0.0, 0.0, 0.0, 0.0, 0.0, 0.0, 0.0, 0.0, 0.0, 0.0, 1.0],