{"reward": 0.01, "_runtime": 6, "_timestamp": 1635290033, "_step": 395, "parameters/layers.0.weight": {"_type": "histogram", "values": [24.0, 24.0, 24.0, 26.0, 30.0, 26.0, 20.0, 30.0, 25.0, 22.0, 23.0, 25.0, 26.0, 22.0, 22.0, 25.0, 25.0, 24.0, 34.0, 28.0, 28.0, 22.0, 29.0, 17.0, 24.0, 23.0, 31.0, 28.0, 31.0, 13.0, 18.0, 29.0, 18.0, 19.0, 18.0, 17.0, 36.0, 27.0, 23.0, 36.0, 26.0, 33.0, 16.0, 27.0, 26.0, 30.0, 20.0, 30.0, 21.0, 24.0, 18.0, 23.0, 25.0, 19.0, 24.0, 33.0, 29.0, 25.0, 29.0, 12.0, 23.0, 16.0, 11.0, 4.0], "bins": [-0.40824392437934875, -0.39535024762153625, -0.38245654106140137, -0.36956286430358887, -0.35666918754577637, -0.34377551078796387, -0.330881804227829, -0.3179881274700165, -0.3050944209098816, -0.2922007441520691, -0.2793070375919342, -0.2664133608341217, -0.2535196840763092, -0.2406259924173355, -0.22773230075836182, -0.21483862400054932, -0.20194494724273682, -0.18905125558376312, -0.17615757882595062, -0.16326388716697693, -0.15037021040916443, -0.13747651875019073, -0.12458282709121704, -0.11168914288282394, -0.09879545867443085, -0.08590177446603775, -0.07300809025764465, -0.06011439859867096, -0.04722071439027786, -0.034327030181884766, -0.021433338522911072, -0.008539654314517975, 0.004354029893875122, 0.017247715964913368, 0.030141402035951614, 0.04303508996963501, 0.05592877417802811, 0.0688224583864212, 0.0817161500453949, 0.094609834253788, 0.10750351846218109, 0.12039720267057419, 0.13329088687896729, 0.14618457853794098, 0.15907827019691467, 0.17197194695472717, 0.18486563861370087, 0.19775933027267456, 0.21065300703048706, 0.22354669868946075, 0.23644037544727325, 0.24933406710624695, 0.26222774386405945, 0.27512145042419434, 0.28801512718200684, 0.30090880393981934, 0.31380248069763184, 0.32669615745544434, 0.3395898640155792, 0.3524835407733917, 0.3653772175312042, 0.3782709240913391, 0.3911646008491516, 0.4040582776069641, 0.416951984167099]}, "parameters/layers.0.bias": {"_type": "histogram", "values": [2.0, 5.0, 2.0, 4.0, 7.0, 5.0, 5.0, 6.0, 2.0, 6.0, 5.0, 1.0, 3.0, 6.0, 3.0, 2.0, 6.0, 1.0, 3.0, 6.0, 2.0, 5.0, 2.0, 3.0, 0.0, 5.0, 5.0, 5.0, 4.0, 4.0, 7.0, 4.0, 4.0, 4.0, 5.0, 6.0, 2.0, 3.0, 4.0, 5.0, 2.0, 3.0, 2.0, 2.0, 5.0, 2.0, 5.0, 2.0, 4.0, 10.0, 3.0, 9.0, 6.0, 1.0, 4.0, 4.0, 8.0, 4.0, 4.0, 2.0, 4.0, 2.0, 4.0, 5.0], "bins": [-0.4042834937572479, -0.39224058389663696, -0.3801976442337036, -0.36815470457077026, -0.3561117947101593, -0.34406888484954834, -0.332025945186615, -0.31998300552368164, -0.3079400956630707, -0.2958971858024597, -0.28385424613952637, -0.271811306476593, -0.25976839661598206, -0.2477254718542099, -0.23568254709243774, -0.2236396223306656, -0.21159669756889343, -0.19955377280712128, -0.18751084804534912, -0.17546792328357697, -0.1634249985218048, -0.15138207376003265, -0.1393391489982605, -0.12729622423648834, -0.11525329947471619, -0.10321037471294403, -0.09116744995117188, -0.07912452518939972, -0.06708160042762756, -0.05503867566585541, -0.04299575090408325, -0.030952826142311096, -0.018909931182861328, -0.006867006421089172, 0.005175918340682983, 0.01721884310245514, 0.029261767864227295, 0.04130469262599945, 0.053347617387771606, 0.06539054214954376, 0.07743346691131592, 0.08947639167308807, 0.10151931643486023, 0.11356224119663239, 0.12560516595840454, 0.1376480907201767, 0.14969101548194885, 0.161733940243721, 0.17377686500549316, 0.18581978976726532, 0.19786271452903748, 0.20990563929080963, 0.2219485640525818, 0.23399148881435394, 0.2460344135761261, 0.25807732343673706, 0.2701202630996704, 0.28216320276260376, 0.2942061126232147, 0.3062490224838257, 0.31829196214675903, 0.3303349018096924, 0.34237781167030334, 0.3544207215309143, 0.36646366119384766]}, "parameters/layers.2.weight": {"_type": "histogram", "values": [2.0, 3.0, 7.0, 4.0, 6.0, 7.0, 3.0, 6.0, 11.0, 8.0, 11.0, 9.0, 11.0, 8.0, 11.0, 13.0, 6.0, 8.0, 11.0, 7.0, 14.0, 12.0, 12.0, 16.0, 14.0, 14.0, 18.0, 16.0, 12.0, 16.0, 7.0, 16.0, 18.0, 14.0, 9.0, 16.0, 8.0, 11.0, 13.0, 12.0, 7.0, 11.0, 11.0, 9.0, 13.0, 5.0, 7.0, 6.0, 5.0, 6.0, 7.0, 0.0, 2.0, 0.0, 1.0, 0.0, 0.0, 0.0, 1.0, 0.0, 0.0, 0.0, 0.0, 1.0], "bins": [-0.06322802603244781, -0.06075950339436531, -0.058290980756282806, -0.0558224581182003, -0.0533539354801178, -0.050885412842035294, -0.04841689020395279, -0.045948367565870285, -0.04347984492778778, -0.041011322289705276, -0.03854279965162277, -0.03607427701354027, -0.033605754375457764, -0.03113723173737526, -0.028668709099292755, -0.02620018646121025, -0.023731663823127747, -0.021263141185045242, -0.018794618546962738, -0.016326095908880234, -0.01385757327079773, -0.011389050632715225, -0.008920527994632721, -0.006452005356550217, -0.003983482718467712, -0.0015149600803852081, 0.0009535625576972961, 0.0034220851957798004, 0.005890607833862305, 0.008359130471944809, 0.010827653110027313, 0.013296175748109818, 0.015764690935611725, 0.01823321357369423, 0.020701736211776733, 0.023170258849859238, 0.025638781487941742, 0.028107304126024246, 0.03057582676410675, 0.033044349402189255, 0.03551287204027176, 0.03798139467835426, 0.04044991731643677, 0.04291843995451927, 0.045386962592601776, 0.04785548523068428, 0.050324007868766785, 0.05279253050684929, 0.05526105314493179, 0.0577295757830143, 0.0601980984210968, 0.0626666247844696, 0.06513514369726181, 0.06760366261005402, 0.07007218897342682, 0.07254071533679962, 0.07500923424959183, 0.07747775316238403, 0.07994627952575684, 0.08241480588912964, 0.08488332480192184, 0.08735184371471405, 0.08982037007808685, 0.09228889644145966, 0.09475741535425186]}, "parameters/layers.2.bias": {"_type": "histogram", "values": [1.0, 0.0, 0.0, 0.0, 0.0, 0.0, 0.0, 0.0, 0.0, 0.0, 0.0, 0.0, 0.0, 0.0, 0.0, 0.0, 0.0, 0.0, 0.0, 0.0, 0.0, 0.0, 0.0, 0.0, 0.0, 0.0, 0.0, 0.0, 0.0, 0.0, 0.0, 0.0, 0.0, 0.0, 0.0, 0.0, 0.0, 0.0, 0.0, 0.0, 0.0, 0.0, 0.0, 0.0, 0.0, 0.0, 0.0, 0.0, 0.0, 0.0, 0.0, 0.0, 0.0, 0.0, 0.0, 0.0, 0.0, 0.0, 0.0, 0.0, 0.0, 0.0, 0.0, 1.0], "bins": [0.03166119009256363, 0.031677957624197006, 0.03169472515583038, 0.03171149268746376, 0.03172826021909714, 0.031745024025440216, 0.03176179155707359, 0.03177855908870697, 0.03179532662034035, 0.031812094151973724, 0.0318288616836071, 0.03184562921524048, 0.031862396746873856, 0.031879160553216934, 0.03189592808485031, 0.03191269561648369, 0.031929463148117065, 0.03194623067975044, 0.03196299821138382, 0.0319797657430172, 0.031996533274650574, 0.03201329708099365, 0.03203006461262703, 0.032046832144260406, 0.032063599675893784, 0.03208036720752716, 0.03209713473916054, 0.032113902270793915, 0.03213066980242729, 0.03214743360877037, 0.03216420114040375, 0.032180968672037125, 0.0321977362036705, 0.03221450373530388, 0.032231271266937256, 0.03224803879857063, 0.03226480633020401, 0.03228157013654709, 0.032298337668180466, 0.03231510519981384, 0.03233187645673752, 0.032348643988370895, 0.03236541152000427, 0.03238217905163765, 0.03239894658327103, 0.032415710389614105, 0.03243247792124748, 0.03244924545288086, 0.032466012984514236, 0.032482780516147614, 0.03249954804778099, 0.03251631557941437, 0.032533083111047745, 0.03254984691739082, 0.0325666144490242, 0.03258338198065758, 0.032600149512290955, 0.03261691704392433, 0.03263368457555771, 0.032650452107191086, 0.03266721963882446, 0.03268398344516754, 0.03270075097680092, 0.032717518508434296, 0.03273428604006767]}, "gradients/layers.2.bias": {"_type": "histogram", "values": [1.0, 0.0, 0.0, 0.0, 0.0, 0.0, 0.0, 0.0, 0.0, 0.0, 0.0, 0.0, 0.0, 0.0, 0.0, 0.0, 0.0, 0.0, 0.0, 0.0, 0.0, 0.0, 0.0, 0.0, 0.0, 0.0, 0.0, 0.0, 0.0, 0.0, 0.0, 0.0, 0.0, 0.0, 0.0, 0.0, 0.0, 0.0, 0.0, 0.0, 0.0, 0.0, 0.0, 0.0, 0.0, 0.0, 0.0, 0.0, 0.0, 0.0, 0.0, 0.0, 0.0, 0.0, 0.0, 0.0, 0.0, 0.0, 0.0, 0.0, 0.0, 0.0, 0.0, 1.0],