{"reward": 121.0, "parameters/layers.0.weight": {"_type": "histogram", "values": [2.0, 0.0, 3.0, 3.0, 0.0, 2.0, 2.0, 4.0, 3.0, 1.0, 1.0, 1.0, 1.0, 2.0, 5.0, 3.0, 9.0, 4.0, 6.0, 7.0, 5.0, 4.0, 4.0, 2.0, 6.0, 3.0, 3.0, 12.0, 13.0, 18.0, 32.0, 48.0, 70.0, 64.0, 60.0, 75.0, 60.0, 57.0, 67.0, 67.0, 47.0, 46.0, 27.0, 37.0, 23.0, 19.0, 19.0, 20.0, 5.0, 10.0, 8.0, 3.0, 4.0, 3.0, 3.0, 6.0, 0.0, 2.0, 3.0, 3.0, 2.0, 1.0, 2.0, 2.0], "bins": [-2.623300313949585, -2.5516788959503174, -2.4800572395324707, -2.408435821533203, -2.3368141651153564, -2.265192747116089, -2.193571090698242, -2.1219496726989746, -2.050328016281128, -1.9787064790725708, -1.9070849418640137, -1.8354634046554565, -1.7638418674468994, -1.6922203302383423, -1.6205987930297852, -1.5489773750305176, -1.4773558378219604, -1.4057343006134033, -1.3341127634048462, -1.262491226196289, -1.190869688987732, -1.1192481517791748, -1.0476267337799072, -0.9760051369667053, -0.904383659362793, -0.8327621221542358, -0.7611405849456787, -0.6895190477371216, -0.6178975105285645, -0.5462759733200073, -0.47465449571609497, -0.40303295850753784, -0.3314112424850464, -0.25978970527648926, -0.18816818296909332, -0.11654666066169739, -0.04492512345314026, 0.02669641375541687, 0.09831792116165161, 0.16993945837020874, 0.24156105518341064, 0.3131825923919678, 0.3848041296005249, 0.45642563700675964, 0.5280472040176392, 0.5996687412261963, 0.6712902188301086, 0.7429117560386658, 0.8145332336425781, 0.8861547708511353, 0.9577763080596924, 1.0293978452682495, 1.1010193824768066, 1.1726409196853638, 1.244262456893921, 1.3158838748931885, 1.3875055313110352, 1.4591270685195923, 1.5307486057281494, 1.6023701429367065, 1.6739916801452637, 1.7456132173538208, 1.817234754562378, 1.8888561725616455, 1.9604777097702026]}, "parameters/layers.0.bias": {"_type": "histogram", "values": [1.0, 4.0, 0.0, 2.0, 4.0, 1.0, 2.0, 1.0, 3.0, 5.0, 4.0, 3.0, 3.0, 4.0, 2.0, 0.0, 5.0, 2.0, 3.0, 5.0, 1.0, 3.0, 3.0, 1.0, 2.0, 1.0, 1.0, 0.0, 2.0, 0.0, 6.0, 4.0, 2.0, 4.0, 2.0, 1.0, 0.0, 3.0, 1.0, 7.0, 1.0, 1.0, 4.0, 8.0, 12.0, 6.0, 6.0, 17.0, 15.0, 10.0, 8.0, 10.0, 6.0, 9.0, 7.0, 8.0, 4.0, 6.0, 6.0, 5.0, 3.0, 3.0, 0.0, 3.0], "bins": [-0.5343940854072571, -0.5059539079666138, -0.47751373052597046, -0.44907355308532715, -0.42063337564468384, -0.3921931982040405, -0.3637530207633972, -0.3353128433227539, -0.3068726658821106, -0.2784324884414673, -0.24999231100082397, -0.22155213356018066, -0.19311195611953735, -0.16467177867889404, -0.13623160123825073, -0.10779142379760742, -0.07935124635696411, -0.0509110689163208, -0.02247089147567749, 0.00596928596496582, 0.03440946340560913, 0.06284964084625244, 0.09128981828689575, 0.11972999572753906, 0.14817017316818237, 0.17661035060882568, 0.205050528049469, 0.2334907054901123, 0.2619308829307556, 0.2903710603713989, 0.31881123781204224, 0.34725141525268555, 0.37569165229797363, 0.40413182973861694, 0.43257200717926025, 0.46101218461990356, 0.4894523620605469, 0.5178925395011902, 0.5463327169418335, 0.5747728943824768, 0.6032130718231201, 0.6316532492637634, 0.6600934267044067, 0.68853360414505, 0.7169737815856934, 0.7454139590263367, 0.77385413646698, 0.8022943139076233, 0.8307344913482666, 0.8591746687889099, 0.8876148462295532, 0.9160550236701965, 0.9444952011108398, 0.9729353785514832, 1.0013755559921265, 1.029815673828125, 1.058255910873413, 1.0866961479187012, 1.1151362657546997, 1.1435763835906982, 1.1720166206359863, 1.2004568576812744, 1.228896975517273, 1.2573370933532715, 1.2857773303985596]}, "parameters/layers.2.weight": {"_type": "histogram", "values": [1.0, 0.0, 4.0, 0.0, 4.0, 2.0, 0.0, 2.0, 5.0, 5.0, 2.0, 5.0, 2.0, 2.0, 4.0, 7.0, 8.0, 4.0, 3.0, 5.0, 3.0, 7.0, 3.0, 1.0, 4.0, 1.0, 3.0, 4.0, 7.0, 1.0, 3.0, 2.0, 1.0, 7.0, 3.0, 7.0, 18.0, 12.0, 6.0, 8.0, 13.0, 16.0, 11.0, 10.0, 28.0, 20.0, 24.0, 32.0, 28.0, 36.0, 34.0, 28.0, 19.0, 17.0, 12.0, 5.0, 3.0, 2.0, 0.0, 4.0, 1.0, 1.0, 0.0, 2.0], "bins": [-1.4582310914993286, -1.418308973312378, -1.3783869743347168, -1.3384648561477661, -1.2985427379608154, -1.2586207389831543, -1.2186986207962036, -1.178776502609253, -1.1388545036315918, -1.0989323854446411, -1.05901038646698, -1.0190882682800293, -0.9791661500930786, -0.9392440915107727, -0.8993220329284668, -0.8593999147415161, -0.8194777965545654, -0.7795557379722595, -0.7396336197853088, -0.6997115612030029, -0.6597894430160522, -0.6198673844337463, -0.5799453258514404, -0.5400232076644897, -0.5001011490821838, -0.46017906069755554, -0.42025697231292725, -0.38033491373062134, -0.34041282534599304, -0.30049073696136475, -0.26056867837905884, -0.22064658999443054, -0.1807246208190918, -0.1408025324344635, -0.1008804589509964, -0.0609583780169487, -0.021036297082901, 0.018885791301727295, 0.0588078647851944, 0.0987299382686615, 0.1386520266532898, 0.1785741150379181, 0.2184961885213852, 0.2584182620048523, 0.2983403503894806, 0.3382624387741089, 0.3781844973564148, 0.4181065857410431, 0.4580286741256714, 0.4979507625102997, 0.537872850894928, 0.5777949094772339, 0.6177170276641846, 0.6576390862464905, 0.6975611448287964, 0.7374832630157471, 0.777405321598053, 0.8173273801803589, 0.8572494983673096, 0.8971715569496155, 0.9370936155319214, 0.9770157337188721, 1.0169378519058228, 1.0568598508834839, 1.0967819690704346]}, "parameters/layers.2.bias": {"_type": "histogram", "values": [1.0, 0.0, 0.0, 0.0, 0.0, 0.0, 0.0, 0.0, 0.0, 0.0, 0.0, 0.0, 0.0, 0.0, 0.0, 0.0, 0.0, 0.0, 0.0, 0.0, 0.0, 0.0, 0.0, 0.0, 0.0, 0.0, 0.0, 0.0, 0.0, 0.0, 0.0, 0.0, 0.0, 0.0, 0.0, 0.0, 0.0, 0.0, 0.0, 0.0, 0.0, 0.0, 0.0, 0.0, 0.0, 0.0, 0.0, 0.0, 0.0, 0.0, 0.0, 0.0, 0.0, 0.0, 0.0, 0.0, 0.0, 0.0, 0.0, 0.0, 0.0, 0.0, 0.0, 1.0], "bins": [0.4268598258495331, 0.42862069606781006, 0.4303815960884094, 0.4321424663066864, 0.4339033365249634, 0.43566423654556274, 0.4374251067638397, 0.4391859769821167, 0.44094687700271606, 0.44270774722099304, 0.4444686472415924, 0.4462295174598694, 0.44799038767814636, 0.4497512876987457, 0.4515121579170227, 0.4532730281352997, 0.45503389835357666, 0.45679476857185364, 0.458555668592453, 0.46031653881073, 0.46207740902900696, 0.4638383090496063, 0.4655991792678833, 0.4673600494861603, 0.46912094950675964, 0.4708818197250366, 0.472642719745636, 0.47440358996391296, 0.47616446018218994, 0.4779253602027893, 0.4796862304210663, 0.48144710063934326, 0.4832080006599426, 0.4849688708782196, 0.48672977089881897, 0.48849064111709595, 0.4902515113353729, 0.4920124113559723, 0.49377328157424927, 0.49553415179252625, 0.4972950220108032, 0.4990558922290802, 0.5008167624473572, 0.5025776624679565, 0.5043385624885559, 0.5060994029045105, 0.5078603029251099, 0.5096212029457092, 0.5113820433616638, 0.5131429433822632, 0.5149037837982178, 0.5166646838188171, 0.5184255838394165, 0.5201864242553711, 0.5219473242759705, 0.5237082242965698, 0.5254691243171692, 0.5272300243377686, 0.5289908647537231, 0.5307517647743225, 0.5325126647949219, 0.5342735052108765, 0.5360344052314758, 0.5377953052520752, 0.5395561456680298]}, "gradients/layers.2.bias": {"_type": "histogram", "values": [1.0, 0.0, 0.0, 0.0, 0.0, 0.0, 0.0, 0.0, 0.0, 0.0, 0.0, 0.0, 0.0, 0.0, 0.0, 0.0, 0.0, 0.0, 0.0, 0.0, 0.0, 0.0, 0.0, 0.0, 0.0, 0.0, 0.0, 0.0, 0.0, 0.0, 0.0, 0.0, 0.0, 0.0, 0.0, 0.0, 0.0, 0.0, 0.0, 0.0, 0.0, 0.0, 0.0, 0.0, 0.0, 0.0, 0.0, 0.0, 0.0, 0.0, 0.0, 0.0, 0.0, 0.0, 0.0, 0.0, 0.0, 0.0, 0.0, 0.0, 0.0, 0.0, 0.0, 1.0],