{"reward": 0.01, "_runtime": 331, "_timestamp": 1635290461, "_step": 1833, "parameters/layers.0.weight": {"_type": "histogram", "values": [4.0, 2.0, 2.0, 1.0, 1.0, 4.0, 4.0, 7.0, 5.0, 10.0, 9.0, 12.0, 11.0, 13.0, 19.0, 29.0, 22.0, 30.0, 35.0, 58.0, 69.0, 87.0, 101.0, 94.0, 87.0, 84.0, 80.0, 101.0, 107.0, 79.0, 81.0, 84.0, 91.0, 77.0, 86.0, 101.0, 58.0, 98.0, 93.0, 89.0, 94.0, 79.0, 76.0, 80.0, 66.0, 72.0, 83.0, 84.0, 74.0, 53.0, 56.0, 38.0, 33.0, 33.0, 19.0, 22.0, 20.0, 25.0, 15.0, 10.0, 7.0, 2.0, 3.0, 3.0], "bins": [-0.6734160780906677, -0.6545304656028748, -0.6356449127197266, -0.6167593002319336, -0.5978736877441406, -0.5789880752563477, -0.5601024627685547, -0.5412169098854065, -0.5223312973976135, -0.5034456849098206, -0.48456010222435, -0.4656745195388794, -0.4467889070510864, -0.42790329456329346, -0.4090177118778229, -0.3901321291923523, -0.3712465167045593, -0.35236090421676636, -0.3334753215312958, -0.3145897388458252, -0.2957041263580322, -0.27681851387023926, -0.2579329311847687, -0.2390473335981369, -0.22016173601150513, -0.20127613842487335, -0.18239054083824158, -0.1635049432516098, -0.14461934566497803, -0.12573374807834625, -0.10684815049171448, -0.0879625529050827, -0.06907695531845093, -0.05019135773181915, -0.03130576014518738, -0.012420162558555603, 0.006465435028076172, 0.025351032614707947, 0.04423663020133972, 0.0631222277879715, 0.08200782537460327, 0.10089342296123505, 0.11977902054786682, 0.1386646181344986, 0.15755021572113037, 0.17643581330776215, 0.19532141089439392, 0.2142070084810257, 0.23309260606765747, 0.25197821855545044, 0.270863801240921, 0.2897493839263916, 0.30863499641418457, 0.32752060890197754, 0.3464061915874481, 0.3652917742729187, 0.38417738676071167, 0.40306299924850464, 0.4219485819339752, 0.4408341646194458, 0.45971977710723877, 0.47860538959503174, 0.4974909722805023, 0.5163765549659729, 0.5352621674537659]}, "parameters/layers.0.bias": {"_type": "histogram", "values": [1.0, 0.0, 2.0, 3.0, 2.0, 1.0, 2.0, 2.0, 5.0, 3.0, 1.0, 7.0, 6.0, 4.0, 6.0, 2.0, 3.0, 7.0, 6.0, 4.0, 3.0, 8.0, 2.0, 8.0, 8.0, 4.0, 3.0, 8.0, 4.0, 8.0, 4.0, 8.0, 9.0, 8.0, 9.0, 4.0, 2.0, 6.0, 7.0, 8.0, 2.0, 3.0, 6.0, 5.0, 4.0, 4.0, 6.0, 4.0, 3.0, 4.0, 4.0, 1.0, 5.0, 4.0, 3.0, 2.0, 1.0, 3.0, 1.0, 2.0, 0.0, 0.0, 0.0, 1.0], "bins": [-0.36408472061157227, -0.35294219851493835, -0.34179967641830444, -0.33065715432167053, -0.3195146322250366, -0.3083721399307251, -0.2972296178340912, -0.2860870957374573, -0.27494457364082336, -0.26380205154418945, -0.25265952944755554, -0.24151702225208282, -0.2303745001554489, -0.219231978058815, -0.20808947086334229, -0.19694694876670837, -0.18580442667007446, -0.17466190457344055, -0.16351938247680664, -0.15237687528133392, -0.1412343531847, -0.1300918310880661, -0.11894931644201279, -0.10780680179595947, -0.09666427969932556, -0.08552175760269165, -0.07437924295663834, -0.06323672831058502, -0.05209420621395111, -0.0409516878426075, -0.029809169471263885, -0.01866665482521057, -0.007524162530899048, 0.003618355840444565, 0.014760874211788177, 0.02590339258313179, 0.0370459109544754, 0.048188429325819016, 0.05933094769716263, 0.07047346234321594, 0.08161598443984985, 0.09275850653648376, 0.10390102118253708, 0.1150435358285904, 0.1261860579252243, 0.13732858002185822, 0.14847108721733093, 0.15961360931396484, 0.17075613141059875, 0.18189865350723267, 0.19304117560386658, 0.2041836827993393, 0.2153262048959732, 0.22646872699260712, 0.23761123418807983, 0.24875375628471375, 0.25989627838134766, 0.27103880047798157, 0.2821813225746155, 0.2933238446712494, 0.3044663667678833, 0.3156088590621948, 0.32675138115882874, 0.33789390325546265, 0.34903642535209656]}, "parameters/layers.2.weight": {"_type": "histogram", "values": [2.0, 0.0, 1.0, 0.0, 1.0, 1.0, 1.0, 2.0, 2.0, 0.0, 0.0, 1.0, 3.0, 1.0, 3.0, 0.0, 3.0, 3.0, 6.0, 1.0, 6.0, 5.0, 6.0, 3.0, 7.0, 6.0, 7.0, 8.0, 17.0, 13.0, 32.0, 60.0, 36.0, 33.0, 32.0, 37.0, 31.0, 20.0, 24.0, 20.0, 13.0, 15.0, 12.0, 10.0, 9.0, 2.0, 6.0, 4.0, 3.0, 0.0, 1.0, 2.0, 0.0, 0.0, 0.0, 0.0, 0.0, 0.0, 0.0, 0.0, 0.0, 0.0, 0.0, 1.0], "bins": [-0.5101514458656311, -0.49395960569381714, -0.4777677655220032, -0.4615758955478668, -0.44538405537605286, -0.4291922152042389, -0.41300034523010254, -0.3968085050582886, -0.3806166648864746, -0.36442482471466064, -0.3482329845428467, -0.3320411145687103, -0.31584927439689636, -0.2996574342250824, -0.28346556425094604, -0.2672737240791321, -0.2510818839073181, -0.23489004373550415, -0.218698188662529, -0.20250633358955383, -0.18631449341773987, -0.1701226532459259, -0.15393079817295074, -0.13773894309997559, -0.12154710292816162, -0.10535525530576706, -0.0891634076833725, -0.07297156006097794, -0.056779712438583374, -0.04058786481618881, -0.02439601719379425, -0.008204169571399689, 0.007987618446350098, 0.02417946606874466, 0.04037131369113922, 0.05656316131353378, 0.07275500893592834, 0.0889468565583229, 0.10513870418071747, 0.12133055180311203, 0.1375223994255066, 0.15371423959732056, 0.16990609467029572, 0.18609794974327087, 0.20228978991508484, 0.2184816300868988, 0.23467348515987396, 0.2508653402328491, 0.2670571804046631, 0.28324902057647705, 0.299440860748291, 0.31563273072242737, 0.33182457089424133, 0.3480164110660553, 0.36420828104019165, 0.3804001212120056, 0.3965919613838196, 0.41278380155563354, 0.4289756417274475, 0.44516751170158386, 0.4613593518733978, 0.4775511920452118, 0.49374306201934814, 0.5099349021911621, 0.5261267423629761]}, "parameters/layers.2.bias": {"_type": "histogram", "values": [1.0, 0.0, 0.0, 0.0, 0.0, 0.0, 0.0, 0.0, 0.0, 0.0, 0.0, 0.0, 0.0, 0.0, 0.0, 0.0, 0.0, 0.0, 0.0, 0.0, 0.0, 0.0, 0.0, 0.0, 0.0, 0.0, 0.0, 0.0, 0.0, 0.0, 0.0, 0.0, 0.0, 0.0, 0.0, 0.0, 0.0, 0.0, 0.0, 0.0, 0.0, 0.0, 0.0, 0.0, 0.0, 0.0, 0.0, 0.0, 0.0, 0.0, 0.0, 0.0, 0.0, 0.0, 0.0, 0.0, 0.0, 0.0, 0.0, 0.0, 0.0, 0.0, 0.0, 1.0], "bins": [0.04174330085515976, 0.041991014033555984, 0.04223872721195221, 0.042486440390348434, 0.04273415356874466, 0.042981866747140884, 0.04322957992553711, 0.043477293103933334, 0.04372500628232956, 0.043972719460725784, 0.04422043263912201, 0.044468145817518234, 0.04471585899591446, 0.044963572174310684, 0.04521128535270691, 0.045458998531103134, 0.04570671170949936, 0.045954424887895584, 0.04620213806629181, 0.046449851244688034, 0.04669756442308426, 0.046945277601480484, 0.04719299077987671, 0.047440703958272934, 0.04768841341137886, 0.047936126589775085, 0.04818383976817131, 0.048431552946567535, 0.04867926612496376, 0.048926979303359985, 0.04917469248175621, 0.049422405660152435, 0.04967011883854866, 0.049917832016944885, 0.05016554519534111, 0.050413258373737335, 0.05066097155213356, 0.050908684730529785, 0.05115639790892601, 0.051404111087322235, 0.05165182426571846, 0.051899537444114685, 0.05214725062251091, 0.052394963800907135, 0.05264267697930336, 0.052890390157699585, 0.05313810333609581, 0.053385816514492035, 0.05363352596759796, 0.053881239145994186, 0.05412895232439041, 0.054376665502786636, 0.05462437868118286, 0.054872091859579086, 0.05511980503797531, 0.055367518216371536, 0.05561523139476776, 0.055862944573163986, 0.05611065775156021, 0.056358370929956436, 0.05660608410835266, 0.056853797286748886, 0.05710151046514511, 0.057349223643541336, 0.05759693682193756]}, "gradients/layers.2.bias": {"_type": "histogram", "values": [1.0, 0.0, 0.0, 0.0, 0.0, 0.0, 0.0, 0.0, 0.0, 0.0, 0.0, 0.0, 0.0, 0.0, 0.0, 0.0, 0.0, 0.0, 0.0, 0.0, 0.0, 0.0, 0.0, 0.0, 0.0, 0.0, 0.0, 0.0, 0.0, 0.0, 0.0, 0.0, 0.0, 0.0, 0.0, 0.0, 0.0, 0.0, 0.0, 0.0, 0.0, 0.0, 0.0, 0.0, 0.0, 0.0, 0.0, 0.0, 0.0, 0.0, 0.0, 0.0, 0.0, 0.0, 0.0, 0.0, 0.0, 0.0, 0.0, 0.0, 0.0, 0.0, 0.0, 1.0],