{"reward": 37.0, "parameters/layers.0.weight": {"_type": "histogram", "values": [1.0, 0.0, 0.0, 1.0, 2.0, 1.0, 2.0, 3.0, 2.0, 3.0, 0.0, 0.0, 1.0, 3.0, 3.0, 3.0, 9.0, 3.0, 5.0, 7.0, 4.0, 14.0, 6.0, 12.0, 17.0, 9.0, 18.0, 30.0, 32.0, 47.0, 66.0, 58.0, 55.0, 65.0, 57.0, 60.0, 71.0, 67.0, 58.0, 35.0, 43.0, 26.0, 32.0, 19.0, 12.0, 7.0, 8.0, 5.0, 6.0, 6.0, 8.0, 3.0, 4.0, 3.0, 3.0, 2.0, 1.0, 0.0, 2.0, 0.0, 1.0, 2.0, 0.0, 1.0], "bins": [-2.5776519775390625, -2.502021551132202, -2.426391124725342, -2.3507609367370605, -2.2751305103302, -2.19950008392334, -2.1238696575164795, -2.048239231109619, -1.9726088047027588, -1.8969783782958984, -1.8213480710983276, -1.7457176446914673, -1.670087218284607, -1.5944569110870361, -1.5188264846801758, -1.4431960582733154, -1.3675657510757446, -1.2919353246688843, -1.2163050174713135, -1.1406745910644531, -1.0650441646575928, -0.9894137978553772, -0.9137834310531616, -0.8381530046463013, -0.7625226974487305, -0.6868923306465149, -0.6112619042396545, -0.535631537437439, -0.460001140832901, -0.38437074422836304, -0.30874037742614746, -0.2331099510192871, -0.15747952461242676, -0.08184913545846939, -0.006218746304512024, 0.06941163539886475, 0.1450420320034027, 0.22067242860794067, 0.29630279541015625, 0.3719332218170166, 0.44756364822387695, 0.5231940150260925, 0.5988244414329529, 0.6744548082351685, 0.7500852346420288, 0.8257156014442444, 0.90134596824646, 0.9769763946533203, 1.0526067018508911, 1.1282371282577515, 1.2038674354553223, 1.2794978618621826, 1.355128288269043, 1.4307587146759033, 1.5063890218734741, 1.5820194482803345, 1.6576497554779053, 1.7332801818847656, 1.8089104890823364, 1.8845409154891968, 1.9601713418960571, 2.035801649093628, 2.1114320755004883, 2.1870625019073486, 2.262692928314209]}, "parameters/layers.0.bias": {"_type": "histogram", "values": [4.0, 0.0, 1.0, 2.0, 2.0, 4.0, 4.0, 3.0, 5.0, 4.0, 2.0, 6.0, 5.0, 6.0, 2.0, 9.0, 5.0, 1.0, 2.0, 1.0, 1.0, 1.0, 2.0, 0.0, 2.0, 0.0, 0.0, 1.0, 1.0, 1.0, 2.0, 2.0, 1.0, 1.0, 3.0, 3.0, 2.0, 6.0, 2.0, 3.0, 4.0, 5.0, 1.0, 7.0, 5.0, 10.0, 6.0, 9.0, 12.0, 10.0, 8.0, 4.0, 7.0, 13.0, 2.0, 10.0, 12.0, 9.0, 4.0, 4.0, 4.0, 4.0, 2.0, 2.0], "bins": [-0.51822829246521, -0.4869208335876465, -0.455613374710083, -0.42430591583251953, -0.39299845695495605, -0.3616909980773926, -0.3303835690021515, -0.299076110124588, -0.26776865124702454, -0.23646119236946106, -0.20515373349189758, -0.1738462895154953, -0.14253883063793182, -0.11123137176036835, -0.07992392778396606, -0.04861646890640259, -0.01730901002883911, 0.013998445123434067, 0.045305900275707245, 0.07661335170269012, 0.1079208105802536, 0.13922826945781708, 0.17053571343421936, 0.20184317231178284, 0.23315060138702393, 0.2644580602645874, 0.2957655191421509, 0.32707297801971436, 0.35838043689727783, 0.3896878957748413, 0.4209953248500824, 0.4523027837276459, 0.48361027240753174, 0.5149177312850952, 0.5462251901626587, 0.5775326490402222, 0.6088401079177856, 0.6401475667953491, 0.6714550256729126, 0.7027624845504761, 0.7340699434280396, 0.765377402305603, 0.7966848611831665, 0.82799232006073, 0.8592997789382935, 0.8906072378158569, 0.9219146966934204, 0.9532221555709839, 0.9845295548439026, 1.0158369541168213, 1.0471444129943848, 1.0784518718719482, 1.1097593307495117, 1.1410667896270752, 1.1723742485046387, 1.2036817073822021, 1.2349891662597656, 1.266296625137329, 1.2976040840148926, 1.328911542892456, 1.3602190017700195, 1.391526460647583, 1.4228339195251465, 1.45414137840271, 1.4854488372802734]}, "parameters/layers.2.weight": {"_type": "histogram", "values": [1.0, 0.0, 0.0, 1.0, 0.0, 0.0, 1.0, 0.0, 0.0, 0.0, 3.0, 2.0, 4.0, 8.0, 4.0, 2.0, 4.0, 7.0, 3.0, 8.0, 3.0, 7.0, 7.0, 8.0, 4.0, 4.0, 6.0, 2.0, 3.0, 4.0, 1.0, 2.0, 4.0, 12.0, 16.0, 3.0, 3.0, 5.0, 5.0, 10.0, 13.0, 13.0, 25.0, 33.0, 35.0, 39.0, 43.0, 50.0, 36.0, 27.0, 18.0, 6.0, 3.0, 1.0, 2.0, 0.0, 3.0, 0.0, 2.0, 3.0, 1.0, 1.0, 0.0, 1.0], "bins": [-1.6764566898345947, -1.6273267269134521, -1.5781967639923096, -1.529066801071167, -1.4799368381500244, -1.4308069944381714, -1.3816770315170288, -1.3325470685958862, -1.2834171056747437, -1.234287142753601, -1.1851571798324585, -1.136027216911316, -1.086897373199463, -1.0377674102783203, -0.9886374473571777, -0.9395074844360352, -0.8903775215148926, -0.84124755859375, -0.7921175956726074, -0.7429876923561096, -0.693857729434967, -0.6447277665138245, -0.5955978631973267, -0.5464679002761841, -0.4973379373550415, -0.4482079744338989, -0.39907804131507874, -0.34994810819625854, -0.30081814527511597, -0.2516881823539734, -0.2025582492351532, -0.153428316116333, -0.10429847240447998, -0.055168524384498596, -0.006038576364517212, 0.04309137165546417, 0.09222131967544556, 0.14135126769542694, 0.19048121571540833, 0.23961114883422852, 0.2887411117553711, 0.33787107467651367, 0.38700100779533386, 0.43613094091415405, 0.48526090383529663, 0.5343908667564392, 0.583520770072937, 0.6326507329940796, 0.6817806959152222, 0.7309106588363647, 0.7800406217575073, 0.8291705250740051, 0.8783004879951477, 0.9274304509162903, 0.9765603542327881, 1.0256903171539307, 1.0748202800750732, 1.1239502429962158, 1.1730802059173584, 1.222210168838501, 1.2713401317596436, 1.3204699754714966, 1.3695999383926392, 1.4187299013137817, 1.4678598642349243]}, "parameters/layers.2.bias": {"_type": "histogram", "values": [1.0, 0.0, 0.0, 0.0, 0.0, 0.0, 0.0, 0.0, 0.0, 0.0, 0.0, 0.0, 0.0, 0.0, 0.0, 0.0, 0.0, 0.0, 0.0, 0.0, 0.0, 0.0, 0.0, 0.0, 0.0, 0.0, 0.0, 0.0, 0.0, 0.0, 0.0, 0.0, 0.0, 0.0, 0.0, 0.0, 0.0, 0.0, 0.0, 0.0, 0.0, 0.0, 0.0, 0.0, 0.0, 0.0, 0.0, 0.0, 0.0, 0.0, 0.0, 0.0, 0.0, 0.0, 0.0, 0.0, 0.0, 0.0, 0.0, 0.0, 0.0, 0.0, 0.0, 1.0], "bins": [0.5643896460533142, 0.566996157169342, 0.5696026682853699, 0.5722092390060425, 0.5748157501220703, 0.5774222612380981, 0.580028772354126, 0.5826352834701538, 0.5852417945861816, 0.5878483057022095, 0.5904548168182373, 0.5930613875389099, 0.5956678986549377, 0.5982744097709656, 0.6008809208869934, 0.6034874320030212, 0.6060940027236938, 0.6087005138397217, 0.6113070249557495, 0.6139135956764221, 0.61652010679245, 0.6191266179084778, 0.6217331290245056, 0.6243396401405334, 0.626946210861206, 0.6295527219772339, 0.6321592330932617, 0.6347658038139343, 0.6373723149299622, 0.63997882604599, 0.6425853371620178, 0.6451918482780457, 0.6477983593940735, 0.6504048705101013, 0.6530113816261292, 0.6556179523468018, 0.6582244634628296, 0.6608309745788574, 0.6634374856948853, 0.6660439968109131, 0.6686505079269409, 0.6712570190429688, 0.6738635301589966, 0.6764701008796692, 0.679076611995697, 0.6816831231117249, 0.6842896342277527, 0.6868961453437805, 0.6895027160644531, 0.692109227180481, 0.6947157382965088, 0.6973223090171814, 0.6999288201332092, 0.7025353312492371, 0.7051418423652649, 0.7077483534812927, 0.7103549242019653, 0.7129614353179932, 0.715567946434021, 0.7181745171546936, 0.7207810282707214, 0.7233875393867493, 0.7259940505027771, 0.7286005616188049, 0.7312070727348328]}, "gradients/layers.2.bias": {"_type": "histogram", "values": [1.0, 0.0, 0.0, 0.0, 0.0, 0.0, 0.0, 0.0, 0.0, 0.0, 0.0, 0.0, 0.0, 0.0, 0.0, 0.0, 0.0, 0.0, 0.0, 0.0, 0.0, 0.0, 0.0, 0.0, 0.0, 0.0, 0.0, 0.0, 0.0, 0.0, 0.0, 0.0, 0.0, 0.0, 0.0, 0.0, 0.0, 0.0, 0.0, 0.0, 0.0, 0.0, 0.0, 0.0, 0.0, 0.0, 0.0, 0.0, 0.0, 0.0, 0.0, 0.0, 0.0, 0.0, 0.0, 0.0, 0.0, 0.0, 0.0, 0.0, 0.0, 0.0, 0.0, 1.0],