{"reward": 119.0, "_runtime": 17, "_timestamp": 1635283871, "_step": 192, "parameters/layers.0.weight": {"_type": "histogram", "values": [1.0, 0.0, 2.0, 1.0, 1.0, 1.0, 3.0, 0.0, 0.0, 1.0, 2.0, 2.0, 5.0, 5.0, 3.0, 6.0, 2.0, 3.0, 10.0, 12.0, 13.0, 23.0, 29.0, 26.0, 49.0, 54.0, 67.0, 90.0, 108.0, 100.0, 119.0, 118.0, 141.0, 119.0, 126.0, 129.0, 109.0, 95.0, 80.0, 61.0, 47.0, 48.0, 31.0, 20.0, 29.0, 27.0, 17.0, 28.0, 20.0, 14.0, 13.0, 14.0, 9.0, 3.0, 6.0, 0.0, 0.0, 1.0, 1.0, 2.0, 0.0, 1.0, 0.0, 1.0], "bins": [-1.8038983345031738, -1.7466365098953247, -1.6893746852874756, -1.6321128606796265, -1.5748510360717773, -1.5175890922546387, -1.4603272676467896, -1.4030654430389404, -1.3458036184310913, -1.2885417938232422, -1.231279969215393, -1.174018144607544, -1.1167562007904053, -1.0594944953918457, -1.002232551574707, -0.9449707269668579, -0.8877089023590088, -0.8304470777511597, -0.7731852531433105, -0.7159233689308167, -0.6586615443229675, -0.6013997197151184, -0.5441378355026245, -0.4868760108947754, -0.42961418628692627, -0.37235236167907715, -0.31509050726890564, -0.25782865285873413, -0.200566828250885, -0.1433050036430359, -0.08604314923286438, -0.02878129482269287, 0.0284806489944458, 0.08574248850345612, 0.14300432801246643, 0.20026616752147675, 0.25752800703048706, 0.3147898316383362, 0.3720516860485077, 0.4293135404586792, 0.4865753650665283, 0.5438371896743774, 0.6010990142822266, 0.6583608984947205, 0.7156227231025696, 0.7728845477104187, 0.8301464319229126, 0.8874082565307617, 0.9446700811386108, 1.00193190574646, 1.059193730354309, 1.1164555549621582, 1.1737174987792969, 1.2309792041778564, 1.2882411479949951, 1.3455029726028442, 1.4027647972106934, 1.4600266218185425, 1.5172884464263916, 1.5745502710342407, 1.6318120956420898, 1.6890740394592285, 1.7463358640670776, 1.8035976886749268, 1.8608595132827759]}, "parameters/layers.0.bias": {"_type": "histogram", "values": [1.0, 1.0, 3.0, 3.0, 2.0, 0.0, 2.0, 5.0, 1.0, 1.0, 0.0, 3.0, 3.0, 2.0, 3.0, 3.0, 1.0, 0.0, 2.0, 3.0, 4.0, 1.0, 3.0, 3.0, 6.0, 7.0, 3.0, 2.0, 6.0, 6.0, 7.0, 4.0, 7.0, 5.0, 8.0, 9.0, 1.0, 3.0, 7.0, 8.0, 2.0, 5.0, 6.0, 2.0, 6.0, 13.0, 12.0, 12.0, 6.0, 7.0, 7.0, 6.0, 2.0, 3.0, 6.0, 5.0, 2.0, 1.0, 7.0, 4.0, 1.0, 0.0, 1.0, 1.0], "bins": [-0.41498300433158875, -0.3987325131893158, -0.38248202204704285, -0.3662315309047699, -0.34998103976249695, -0.333730548620224, -0.31748002767562866, -0.3012295365333557, -0.28497904539108276, -0.2687285542488098, -0.25247806310653687, -0.23622757196426392, -0.21997708082199097, -0.20372658967971802, -0.18747608363628387, -0.17122559249401093, -0.15497511625289917, -0.13872462511062622, -0.12247413396835327, -0.10622363537549973, -0.08997314423322678, -0.07372265309095383, -0.05747215449810028, -0.04122166335582733, -0.024971172213554382, -0.008720679208636284, 0.007529813796281815, 0.023780308663845062, 0.04003079980611801, 0.05628129094839096, 0.0725317895412445, 0.08878228068351746, 0.10503274202346802, 0.12128323316574097, 0.13753372430801392, 0.15378421545028687, 0.17003470659255981, 0.18628519773483276, 0.2025357037782669, 0.21878619492053986, 0.2350366860628128, 0.25128719210624695, 0.2675376832485199, 0.28378817439079285, 0.3000386655330658, 0.31628915667533875, 0.3325396478176117, 0.34879013895988464, 0.3650406301021576, 0.38129112124443054, 0.3975416123867035, 0.41379210352897644, 0.4300425946712494, 0.44629308581352234, 0.4625436067581177, 0.4787940979003906, 0.4950445890426636, 0.5112950801849365, 0.5275455713272095, 0.5437960624694824, 0.5600465536117554, 0.5762970447540283, 0.5925475358963013, 0.6087980270385742, 0.6250485181808472]}, "parameters/layers.2.weight": {"_type": "histogram", "values": [1.0, 1.0, 0.0, 0.0, 0.0, 0.0, 0.0, 1.0, 2.0, 0.0, 1.0, 2.0, 6.0, 4.0, 1.0, 2.0, 3.0, 9.0, 6.0, 3.0, 2.0, 3.0, 8.0, 6.0, 5.0, 8.0, 5.0, 5.0, 2.0, 5.0, 4.0, 3.0, 2.0, 4.0, 4.0, 1.0, 8.0, 8.0, 9.0, 14.0, 18.0, 33.0, 43.0, 56.0, 38.0, 47.0, 31.0, 22.0, 16.0, 13.0, 12.0, 3.0, 5.0, 8.0, 6.0, 0.0, 5.0, 1.0, 1.0, 2.0, 0.0, 1.0, 1.0, 2.0], "bins": [-1.3345131874084473, -1.298937439918518, -1.2633618116378784, -1.2277860641479492, -1.1922104358673096, -1.1566346883773804, -1.1210589408874512, -1.0854833126068115, -1.0499075651168823, -1.0143318176269531, -0.9787561893463135, -0.9431804418563843, -0.9076047539710999, -0.8720290660858154, -0.8364533185958862, -0.8008776307106018, -0.7653019428253174, -0.729726254940033, -0.6941505670547485, -0.6585748195648193, -0.6229991316795349, -0.5874234437942505, -0.5518476963043213, -0.5162720084190369, -0.48069632053375244, -0.445120632648468, -0.4095449149608612, -0.3739691972732544, -0.33839350938796997, -0.30281782150268555, -0.26724210381507874, -0.23166640102863312, -0.1960906982421875, -0.16051499545574188, -0.12493929266929626, -0.08936358988285065, -0.05378788709640503, -0.01821218430995941, 0.017363518476486206, 0.052939221262931824, 0.08851492404937744, 0.12409062683582306, 0.15966632962226868, 0.1952420324087143, 0.2308177351951599, 0.26639342308044434, 0.30196914076805115, 0.33754485845565796, 0.3731205463409424, 0.4086962342262268, 0.4442719519138336, 0.47984766960144043, 0.5154233574867249, 0.5509990453720093, 0.5865747928619385, 0.6221504807472229, 0.6577261686325073, 0.6933018565177917, 0.7288775444030762, 0.7644532918930054, 0.8000289797782898, 0.8356046676635742, 0.8711804151535034, 0.9067561030387878, 0.9423317909240723]}, "parameters/layers.2.bias": {"_type": "histogram", "values": [1.0, 0.0, 0.0, 0.0, 0.0, 0.0, 0.0, 0.0, 0.0, 0.0, 0.0, 0.0, 0.0, 0.0, 0.0, 0.0, 0.0, 0.0, 0.0, 0.0, 0.0, 0.0, 0.0, 0.0, 0.0, 0.0, 0.0, 0.0, 0.0, 0.0, 0.0, 0.0, 0.0, 0.0, 0.0, 0.0, 0.0, 0.0, 0.0, 0.0, 0.0, 0.0, 0.0, 0.0, 0.0, 0.0, 0.0, 0.0, 0.0, 0.0, 0.0, 0.0, 0.0, 0.0, 0.0, 0.0, 0.0, 0.0, 0.0, 0.0, 0.0, 0.0, 0.0, 1.0], "bins": [0.11801184713840485, 0.11864426732063293, 0.11927668005228043, 0.11990910023450851, 0.120541512966156, 0.1211739331483841, 0.12180634588003159, 0.12243876606225967, 0.12307117879390717, 0.12370359897613525, 0.12433601170778275, 0.12496843189001083, 0.12560084462165833, 0.1262332648038864, 0.1268656849861145, 0.1274980902671814, 0.12813052535057068, 0.12876294553279877, 0.12939536571502686, 0.13002777099609375, 0.13066019117832184, 0.13129261136054993, 0.13192503154277802, 0.1325574368238449, 0.133189857006073, 0.1338222771883011, 0.13445469737052917, 0.13508710265159607, 0.13571952283382416, 0.13635194301605225, 0.13698436319828033, 0.13761676847934723, 0.13824918866157532, 0.1388816088438034, 0.1395140290260315, 0.1401464343070984, 0.14077885448932648, 0.14141127467155457, 0.14204369485378265, 0.14267610013484955, 0.14330852031707764, 0.14394094049930573, 0.1445733606815338, 0.1452057659626007, 0.1458381861448288, 0.14647060632705688, 0.14710302650928497, 0.14773543179035187, 0.14836785197257996, 0.14900027215480804, 0.14963269233703613, 0.15026509761810303, 0.15089751780033112, 0.1515299379825592, 0.1521623581647873, 0.1527947634458542, 0.15342719852924347, 0.15405961871147156, 0.15469203889369965, 0.15532444417476654, 0.15595686435699463, 0.15658928453922272, 0.1572217047214508, 0.1578541100025177, 0.1584865301847458]}, "gradients/layers.2.bias": {"_type": "histogram", "values": [1.0, 0.0, 0.0, 0.0, 0.0, 0.0, 0.0, 0.0, 0.0, 0.0, 0.0, 0.0, 0.0, 0.0, 0.0, 0.0, 0.0, 0.0, 0.0, 0.0, 0.0, 0.0, 0.0, 0.0, 0.0, 0.0, 0.0, 0.0, 0.0, 0.0, 0.0, 0.0, 0.0, 0.0, 0.0, 0.0, 0.0, 0.0, 0.0, 0.0, 0.0, 0.0, 0.0, 0.0, 0.0, 0.0, 0.0, 0.0, 0.0, 0.0, 0.0, 0.0, 0.0, 0.0, 0.0, 0.0, 0.0, 0.0, 0.0, 0.0, 0.0, 0.0, 0.0, 1.0],